ID,post_title,post_content,post_status,post_author,post_type,post_date,post_modified,post_tags,post_category,default_category,featured,street,street2,city,region,country,zip,latitude,longitude,phone,email,website,twitter,facebook,video,special_offers,business_hours,post_images
,First Baptist Chr Of Alturas,,publish,1,gd_place,,,"33820,Alturas,FL",",6,",6,0,7690 Poinsettia Ave,,Alturas,FL,United States,33820,27.8706029,-81.714194,(863) 397-3979,,,,,,,,
,Loaves & Fishes,,publish,1,gd_place,,,"32703,Apopka,FL",",6,",6,0,206 E 8th St,,Apopka,FL,United States,32703,28.6679979,-81.5071422,(407) 886-6005,,,,,,,,
,Rosceola's Food Pantry Inc,,publish,1,gd_place,,,"32712,Apopka,FL",",6,",6,0,2221 White Jasmine Ct,,Apopka,FL,United States,32712,28.704546,-81.4685355,(321) 203-8480,,,,,,,,
,St Albans Episcopal Church,,publish,1,gd_place,,,"33823,Auburndale,FL",",6,",6,0,208 E Lake Ave,,Auburndale,FL,United States,33823,28.0648068,-81.7873445,(863) 967-2130,,,,,,,,
,Central Florida Food Banks Inc,,publish,1,gd_place,,,"33831,Bartow,FL",",6,",6,0,PO Box 776,,Bartow,FL,United States,33831,27.8954748,-81.8423386,,,,,,,,,
,Belleview United,,publish,1,gd_place,,,"34420,Belleview,FL",",6,",6,0,5514 SE Hames Rd,,Belleview,FL,United States,34420,29.055988,-82.0571643,(352) 307-6225,,,,,,,,
,St Theresa Catholic Church,,publish,1,gd_place,,,"34420,Belleview,FL",",6,",6,0,11528 SE US Highway 301,,Belleview,FL,United States,34420,29.0557743,-82.0482265,(352) 245-2458,,,,,,,,
,Boca Helping Hands,,publish,1,gd_place,,,"33432,Boca Raton,FL",",6,",6,0,1500 NW 1st Ct,,Boca Raton,FL,United States,33432,26.3635045,-80.0870591,(561) 417-0913,,,,,,,,
,Salvation Army Of Lee County,,publish,1,gd_place,,,"34135,Bonita Springs,FL",",6,",6,0,26820 Old 41 Rd # 102,,Bonita Springs,FL,United States,34135,26.3479243,-81.7795316,(239) 948-5200,,,,,,,,
,Feeding South Florida,,publish,1,gd_place,,,"33426,Boynton Beach,FL",",6,",6,0,4925 Park Ridge Blvd,,Boynton Beach,FL,United States,33426,26.5408697,-80.0797808,(561) 331-5441,,,,,,,,
,Bible Baptist Church,,publish,1,gd_place,,,"34208,Bradenton,FL",",6,",6,0,2113 57th St E,,Bradenton,FL,United States,34208,27.4799814,-82.4885586,(941) 746-6221,,,,,,,,
,Food Bank Of Manatee,,publish,1,gd_place,,,"34208,Bradenton,FL",",6,",6,0,811 23rd Ave E,,Bradenton,FL,United States,34208,27.4791437,-82.5552284,(941) 747-4655,,,,,,,,
,Our Daily Bread Of Bradenton,,publish,1,gd_place,,,"34205,Bradenton,FL",",6,",6,0,710 18th Ave W,,Bradenton,FL,United States,34205,27.4836037,-82.5695087,(941) 745-2992,,,,,,,,
,Children's Table Inc,,publish,1,gd_place,,,"32621,Bronson,FL",",6,",6,0,680 W Thrasher Dr,,Bronson,FL,United States,32621,29.4415435,-82.6492937,(352) 486-6525,,,,,,,,
,Christ Lutheran Church,,publish,1,gd_place,,,"34601,Brooksville,FL",",6,",6,0,475 North Ave W,,Brooksville,FL,United States,34601,28.5624953,-82.3914088,(352) 796-8331,,,,,,,,
,Christian Life Assembly Of God,,publish,1,gd_place,,,"34613,Brooksville,FL",",6,",6,0,13065 Jacqueline Rd,,Brooksville,FL,United States,34613,28.5380882,-82.511609,(352) 597-1139,,,,,,,,
,Inner Peace Chr Of The Spirit,,publish,1,gd_place,,,"34601,Brooksville,FL",",6,",6,0,421 W Jefferson St,,Brooksville,FL,United States,34601,28.5552823,-82.3936136,(352) 544-0304,,,,,,,,
,Salvation Army,,publish,1,gd_place,,,"34613,Brooksville,FL",",6,",6,0,15464 Cortez Blvd,,Brooksville,FL,United States,34613,28.5365786,-82.4683583,(352) 796-1186,,,,,,,,
,Cedar Key Food Pantry Inc,,publish,1,gd_place,,,"32625,Cedar Key,FL",",6,",6,0,626 4th St,,Cedar Key,FL,United States,32625,29.1369958,-83.0340744,,,,,,,,,
,North Oak Church,,publish,1,gd_place,,,"34433,Citrus Springs,FL",",6,",6,0,9324 N Elkcam Blvd,,Citrus Springs,FL,United States,34433,28.9991278,-82.4855554,(352) 489-1688,,,,,,,,
,Centro Familiar Cristiano,,publish,1,gd_place,,,"33755,Clearwater,FL",",6,",6,0,1710 Drew St # 5,,Clearwater,FL,United States,33755,27.9683898,-82.7663338,(727) 240-4328,,,,,,,,
,Church-Cmnty Outreach Food,,publish,1,gd_place,,,"33759,Clearwater,FL",",6,",6,0,200 S Mcmullen Booth Rd,,Clearwater,FL,United States,33759,27.9629527,-82.7095802,(727) 351-5176,,,,,,,,
,Helping Hands,,publish,1,gd_place,,,"33763,Clearwater,FL",",6,",6,0,2565 Blackburn St,,Clearwater,FL,United States,33763,27.9930094,-82.7308105,(727) 724-1290,,,,,,,,
,RCS Food Pantry,,publish,1,gd_place,,,"33756,Clearwater,FL",",6,",6,0,700 Druid Rd E # 727,,Clearwater,FL,United States,33756,27.9577161,-82.7965982,(727) 443-4031,,,,,,,,
,Tampa Bay Food Bank Inc,,publish,1,gd_place,,,"33761,Clearwater,FL",",6,",6,0,2685 Sabal Springs Cir # 202,,Clearwater,FL,United States,33761,28.0200881,-82.7265656,,,,,,,,,
,Elyon House-Bread Food Pantry,,publish,1,gd_place,,,"34711,Clermont,FL",",6,",6,0,9627 Paso Fino Ln,,Clermont,FL,United States,34711,28.4858747,-81.8011383,(352) 242-1630,,,,,,,,
,Well Of Hope Thrift Store,,publish,1,gd_place,,,"34714,Clermont,FL",",6,",6,0,16605 Sunrise Lakes Blvd # 1,,Clermont,FL,United States,34714,28.3680405,-81.6806047,(352) 241-4377,,,,,,,,
,Serving With Love Food Bank,,publish,1,gd_place,,,"33440,Clewiston,FL",",6,",6,0,330 S Estribo St,,Clewiston,FL,United States,33440,26.6273218,-81.1184655,,,,,,,,,
,South Putnam Christian,,publish,1,gd_place,,,"32112,Crescent City,FL",",6,",6,0,223 N Summit St,,Crescent City,FL,United States,32112,29.4337063,-81.5108425,(386) 698-1944,,,,,,,,
,Central Baptist Chr-Crestview,,publish,1,gd_place,,,"32536,Crestview,FL",",6,",6,0,951 S Ferdon Blvd,,Crestview,FL,United States,32536,30.7507914,-86.5627022,(850) 682-5525,,,,,,,,
,Sharing & Caring,,publish,1,gd_place,,,"32536,Crestview,FL",",6,",6,0,298 M L King Jr Ave # 850,,Crestview,FL,United States,32536,30.7559867,-86.5703357,(850) 682-1907,,,,,,,,
,Daystar,,publish,1,gd_place,,,"34429,Crystal River,FL",",6,",6,0,6751 W Gulf To Lake Hwy,,Crystal River,FL,United States,34429,28.8903547,-82.5466729,(352) 795-8668,,,,,,,,
,Cupboard,,publish,1,gd_place,,,"33328,Davie,FL",",6,",6,0,5890 S Pine Island Rd,,Davie,FL,United States,33328,26.0473902,-80.258442,(954) 530-7555,,,,,,,,
,Jewish Family Svc-Broward Cnty,,publish,1,gd_place,,,"33326,Davie,FL",",6,",6,0,51 Frnklin St 5890 Pine Islnd,,Davie,FL,United States,33326,26.0473902,-80.258442,(954) 370-2140,,,,,,,,
,Ride On Inc,,publish,1,gd_place,,,"33325,Davie,FL",",6,",6,0,11800 SW 20th St,,Davie,FL,United States,33325,26.0941629,-80.308362,(954) 236-5053,,,,,,,,
,Derbyshire Place Community Ctr,,publish,1,gd_place,,,"32117,Daytona Beach,FL",",6,",6,0,962 Derbyshire Rd,,Daytona Beach,FL,United States,32117,29.2310779,-81.0640907,(386) 947-7708,,,,,,,,
,First Christian Church Daytona,,publish,1,gd_place,,,"32114,Daytona Beach,FL",",6,",6,0,326 S Palmetto Ave,,Daytona Beach,FL,United States,32114,29.2064064,-81.0192393,(386) 252-6648,,,,,,,,
,Second Harvest Food Bank,,publish,1,gd_place,,,"32114,Daytona Beach,FL",",6,",6,0,320 North St,,Daytona Beach,FL,United States,32114,29.2217731,-81.0296187,(386) 257-4499,,,,,,,,
,Gateway Community Outreach,,publish,1,gd_place,,,"33441,Deerfield Beach,FL",",6,",6,0,291 SE 1st Ter,,Deerfield Beach,FL,United States,33441,26.3144825,-80.1013744,(954) 725-8434,,,,,,,,
,Salvation Army,,publish,1,gd_place,,,"32720,Deland,FL",",6,",6,0,1240 S High St,,Deland,FL,United States,32720,29.007442,-81.3181513,(386) 738-2406,,,,,,,,
,Delray Beach Food Pantry,,publish,1,gd_place,,,"33444,Delray Beach,FL",",6,",6,0,141 SW 12th Ave,,Delray Beach,FL,United States,33444,26.458292,-80.0850319,(561) 243-7634,,,,,,,,
,All Saints Episcopal Church,,publish,1,gd_place,,,"32725,Deltona,FL",",6,",6,0,155 Clark St,,Deltona,FL,United States,32725,28.8700535,-81.2676627,(386) 668-4108,,,,,,,,
,Emerald Coast Storehouse Inc,,publish,1,gd_place,,,"32541,Destin,FL",",6,",6,0,220 Main St,,Destin,FL,United States,32541,30.3953126,-86.4831091,(850) 460-2735,,,,,,,,
,Harvest House,,publish,1,gd_place,,,"32541,Destin,FL",",6,",6,0,300 Mountain Dr,,Destin,FL,United States,32541,30.3951739,-86.5048264,(850) 837-2277,,,,,,,,
,Intercontinental Foods,,publish,1,gd_place,,,"33172,Doral,FL",",6,",6,0,1335 NW 98th Ct,,Doral,FL,United States,33172,25.7855899,-80.3542165,(305) 592-0295,,,,,,,,
,Edgewater United Methodist Chr,,publish,1,gd_place,,,"32132,Edgewater,FL",",6,",6,0,211 N Ridgewood Ave,,Edgewater,FL,United States,32132,28.994257,-80.9083519,(386) 428-6552,,,,,,,,
,Gifts Of Love Food Bank,,publish,1,gd_place,,,"32132,Edgewater,FL",",6,",6,0,820 W Park Ave,,Edgewater,FL,United States,32132,28.9868338,-80.9195941,(386) 423-5257,,,,,,,,
,Salvation Army New Smyrna,,publish,1,gd_place,,,"32132,Edgewater,FL",",6,",6,0,612 N Ridgewood Ave,,Edgewater,FL,United States,32132,29.0037501,-80.914162,(386) 410-3258,,,,,,,,
,Englewood East Chr Of Christ,,publish,1,gd_place,,,"34224,Englewood,FL",",6,",6,0,9600 Gulfstream Blvd,,Englewood,FL,United States,34224,26.9235945,-82.2967061,(941) 475-4973,,,,,,,,
,Speak The Truth Ministries,,publish,1,gd_place,,,"32726,Eustis,FL",",6,",6,0,432 N Eustis St,,Eustis,FL,United States,32726,28.8571235,-81.6849661,(352) 589-8048,,,,,,,,
,Bohemian Pantry LLC,,publish,1,gd_place,,,"33302,Fort Lauderdale,FL",",6,",6,0,PO Box 1784,,Fort Lauderdale,FL,United States,33302,26.1193363,-80.1290801,,,,,,,,,
,Cross Road Food Bank Inc,,publish,1,gd_place,,,"33311,Fort Lauderdale,FL",",6,",6,0,617 NW 6th Ave,,Fort Lauderdale,FL,United States,33311,26.1301384,-80.1501196,(954) 356-9326,,,,,,,,
,Food Pantry Of Broward,,publish,1,gd_place,,,"33311,Fort Lauderdale,FL",",6,",6,0,610 NW 3rd Ave,,Fort Lauderdale,FL,United States,33311,26.1301578,-80.1466163,(954) 358-1481,,,,,,,,
,Pantry S B II LLC,,publish,1,gd_place,,,"33308,Fort Lauderdale,FL",",6,",6,0,2400 E Commercial Blvd # 103,,Fort Lauderdale,FL,United States,33308,26.1889093,-80.1145298,,,,,,,,,
,Tee's Food Pantry Inc,,publish,1,gd_place,,,"33311,Fort Lauderdale,FL",",6,",6,0,3080 NW 17th Ct,,Fort Lauderdale,FL,United States,33311,26.1487725,-80.186476,,,,,,,,,
,Tree Of Life Food Bank,,publish,1,gd_place,,,"33309,Fort Lauderdale,FL",",6,",6,0,5440 NW 33rd Ave # 102,,Fort Lauderdale,FL,United States,33309,26.1932609,-80.1914471,,,,,,,,,
,Community Cooperative,,publish,1,gd_place,,,"33916,Fort Myers,FL",",6,",6,0,3429 Dr Mlk Blvd,,Fort Myers,FL,United States,33916,26.6413361,-81.8433967,(239) 332-7687,,,,,,,,
,FT Myers Christian Outreach,,publish,1,gd_place,,,"33901,Fort Myers,FL",",6,",6,0,3500 Fowler St,,Fort Myers,FL,United States,33901,26.6130588,-81.8624158,(239) 481-6262,,,,,,,,
,Harry Chapin Food Bank-Fort,,publish,1,gd_place,,,"33901,Fort Myers,FL",",6,",6,0,3760 Fowler St,,Fort Myers,FL,United States,33901,26.6073116,-81.8631675,(239) 334-7007,,,,,,,,
,Interfaith Caregivers,,publish,1,gd_place,,,"33967,Fort Myers,FL",",6,",6,0,17592 Rockefeller Cir,,Fort Myers,FL,United States,33967,26.4791579,-81.8328397,(239) 267-3510,,,,,,,,
,Mcgregor Baptist Food Pantry,,publish,1,gd_place,,,"33901,Fort Myers,FL",",6,",6,0,3341 Fowler St,,Fort Myers,FL,United States,33901,26.6163337,-81.8615699,(239) 362-0058,,,,,,,,
,Midwest Food Bank,,publish,1,gd_place,,,"33905,Fort Myers,FL",",6,",6,0,5601 Division Dr,,Fort Myers,FL,United States,33905,26.6655239,-81.8043696,(239) 690-1722,,,,,,,,
,Food Bank,,publish,1,gd_place,,,"34947,Fort Pierce,FL",",6,",6,0,401 Angle Rd,,Fort Pierce,FL,United States,34947,27.4509929,-80.3607328,(772) 489-3034,,,,,,,,
,Food Distribution Ctr-Christ,,publish,1,gd_place,,,"34947,Fort Pierce,FL",",6,",6,0,4300 Okeechobee Rd,,Fort Pierce,FL,United States,34947,27.4272186,-80.3697697,(772) 466-2000,,,,,,,,
,Salvation Army Family Store,,publish,1,gd_place,,,"34982,Fort Pierce,FL",",6,",6,0,3629 S US Highway 1,,Fort Pierce,FL,United States,34982,27.3930181,-80.3263162,(772) 464-3620,,,,,,,,
,Treasure Coast Food Bank,,publish,1,gd_place,,,"34950,Fort Pierce,FL",",6,",6,0,1203 Orange Ave,,Fort Pierce,FL,United States,34950,27.4468708,-80.3358814,(772) 464-9615,,,,,,,,
,Treasure Coast Food Bank,,publish,1,gd_place,,,"34947,Fort Pierce,FL",",6,",6,0,401 Angle Rd,,Fort Pierce,FL,United States,34947,27.4509929,-80.3607328,(772) 489-3034,,,,,,,,
,Salvation Army Church,,publish,1,gd_place,,,"32548,Fort Walton Beach,FL",",6,",6,0,425 Mary Esther Cut Off NW,,Fort Walton Beach,FL,United States,32548,30.426514,-86.6461933,(850) 243-4531,,,,,,,,
,Sharing & Caring,,publish,1,gd_place,,,"32548,Fort Walton Beach,FL",",6,",6,0,126 Beal Pkwy SW,,Fort Walton Beach,FL,United States,32548,30.406511,-86.6134993,(850) 244-0778,,,,,,,,
,Heritage Community Church,,publish,1,gd_place,,,"34731,Fruitland Park,FL",",6,",6,0,509 W Berckman St,,Fruitland Park,FL,United States,34731,28.8575035,-81.9126832,(352) 431-3935,,,,,,,,
,Bread Of The Mighty Food Bank,,publish,1,gd_place,,,"32601,Gainesville,FL",",6,",6,0,325 NW 10th Ave,,Gainesville,FL,United States,32601,29.6609192,-82.3286078,(352) 336-0839,,,,,,,,
,Bread Of The Mighty Food Bank,,publish,1,gd_place,,,"32601,Gainesville,FL",",6,",6,0,761 NW 5th St,,Gainesville,FL,United States,32601,29.6582431,-82.3296288,(352) 395-6570,,,,,,,,
,Manna Food Pantry Inc,,publish,1,gd_place,,,"32609,Gainesville,FL",",6,",6,0,2603 NW 13th St # 164,,Gainesville,FL,United States,32609,29.676156,-82.3380546,,,,,,,,,
,Midway First Assembly Of God,,publish,1,gd_place,,,"32563,Gulf Breeze,FL",",6,",6,0,5649 E Bay Blvd,,Gulf Breeze,FL,United States,32563,30.4102361,-86.9944042,(850) 934-3033,,,,,,,,
,Rock Hill Progressive Chr-God,,publish,1,gd_place,,,"33844,Haines City,FL",",6,",6,0,2524 N 10th St,,Haines City,FL,United States,33844,28.129526,-81.6249,(863) 422-3162,,,,,,,,
,St Vincent De Paul Society,,publish,1,gd_place,,,"33844,Haines City,FL",",6,",6,0,1001 S 10th St,,Haines City,FL,United States,33844,28.0957191,-81.6232869,(863) 419-4819,,,,,,,,
,Hope Harvest Food Pantry,,publish,1,gd_place,,,"32333,Havana,FL",",6,",6,0,1110 Rich Bay Rd,,Havana,FL,United States,32333,30.5936756,-84.3919022,,,,,,,,,
,Community Outreach,,publish,1,gd_place,,,"32643,High Springs,FL",",6,",6,0,23678 NW 184th Rd,,High Springs,FL,United States,32643,29.825793,-82.598596,(386) 454-1000,,,,,,,,
,Daily Bread Food Bank Inc LLC,,publish,1,gd_place,,,"33023,Hollywood,FL",",6,",6,0,2701 SW 32nd Ave,,Hollywood,FL,United States,33023,25.987073,-80.1746911,(954) 983-1313,,,,,,,,
,Gamble's Food Pantry Inc,,publish,1,gd_place,,,"33023,Hollywood,FL",",6,",6,0,435 S State Road 7 # 8-10,,Hollywood,FL,United States,33023,26.0051562,-80.2068867,,,,,,,,,
,New Hope Baptist Church,,publish,1,gd_place,,,"33020,Hollywood,FL",",6,",6,0,2305 Sheridan St,,Hollywood,FL,United States,33020,26.0336456,-80.1538334,(954) 920-6368,,,,,,,,
,Danny House Food & Bank,,publish,1,gd_place,,,"33030,Homestead,FL",",6,",6,0,414 NW 10th Ave,,Homestead,FL,United States,33030,25.4737694,-80.4897427,(786) 504-3901,,,,,,,,
,Farm Share,,publish,1,gd_place,,,"33033,Homestead,FL",",6,",6,0,14125 SW 320th St,,Homestead,FL,United States,33033,25.4706624,-80.4183513,(305) 246-3276,,,,,,,,
,Community Food Bank-Citrus Cty,,publish,1,gd_place,,,"34446,Homosassa,FL",",6,",6,0,5259 W Cardinal St # B,,Homosassa,FL,United States,34446,28.7652059,-82.5206703,(352) 628-3663,,,,,,,,
,St Vincent De Paul Society,,publish,1,gd_place,,,"32903,Indialantic,FL",",6,",6,0,3050 Holy Name Of Jesus Dr,,Indialantic,FL,United States,32903,28.1342688,-80.5822042,(321) 777-9593,,,,,,,,
,St Vincent De Paul Society,,publish,1,gd_place,,,"32148,Interlachen,FL",",6,",6,0,111 N Francis St,,Interlachen,FL,United States,32148,29.614104,-81.8949554,(386) 684-2797,,,,,,,,
,Calvary Chapel Inverness,,publish,1,gd_place,,,"34450,Inverness,FL",",6,",6,0,960 S US Highway 41,,Inverness,FL,United States,34450,28.8191214,-82.3154965,(352) 726-1383,,,,,,,,
,Believers Of Christ,,publish,1,gd_place,,,"32209,Jacksonville,FL",",6,",6,0,5318 Avenue B,,Jacksonville,FL,United States,32209,30.3700056,-81.699064,(904) 765-0827,,,,,,,,
,Clara White Mission,,publish,1,gd_place,,,"32202,Jacksonville,FL",",6,",6,0,613 W Ashley St,,Jacksonville,FL,United States,32202,30.3327133,-81.6642528,(904) 354-4162,,,,,,,,
,Community Health Outreach,,publish,1,gd_place,,,"32210,Jacksonville,FL",",6,",6,0,5126 Timuquana Rd,,Jacksonville,FL,United States,32210,30.2470947,-81.7147839,(904) 573-1333,,,,,,,,
,Gem Consignments Inc,,publish,1,gd_place,,,"32256,Jacksonville,FL",",6,",6,0,7820 Baymeadows Rd E,,Jacksonville,FL,United States,32256,30.2305094,-81.5109944,(904) 683-2968,,,,,,,,
,Gleaners Dispatch Inc,,publish,1,gd_place,,,"32210,Jacksonville,FL",",6,",6,0,8207 103rd St,,Jacksonville,FL,United States,32210,30.2483673,-81.7859409,(904) 777-6344,,,,,,,,
,Higher Ground Deliverance,,publish,1,gd_place,,,"32208,Jacksonville,FL",",6,",6,0,2514 Van Gundy Rd,,Jacksonville,FL,United States,32208,30.3909627,-81.6956355,(904) 924-1416,,,,,,,,
,Highlands United Methodist Chr,,publish,1,gd_place,,,"32099,Jacksonville,FL",",6,",6,0,1042 Biscayne Blvd,,Jacksonville,FL,United States,32099,30.4655155,-81.6703369,(904) 751-5955,,,,,,,,
,Mandarin Food Bank,,publish,1,gd_place,,,"32258,Jacksonville,FL",",6,",6,0,11730 Old Saint Augustine Rd,,Jacksonville,FL,United States,32258,30.1587653,-81.5991648,(904) 292-1675,,,,,,,,
,Second Harvest Food Bank-NE Fl,,publish,1,gd_place,,,"32206,Jacksonville,FL",",6,",6,0,1502 Jessie St,,Jacksonville,FL,United States,32206,30.3332575,-81.6359865,(904) 353-3663,,,,,,,,
,Trinity Lutheran Church,,publish,1,gd_place,,,"32205,Jacksonville,FL",",6,",6,0,1415 Mcduff Ave S,,Jacksonville,FL,United States,32205,30.3055019,-81.6999768,(904) 389-5341,,,,,,,,
,Village Of Hope Food Bank,,publish,1,gd_place,,,"32211,Jacksonville,FL",",6,",6,0,6141 Arlington Expy,,Jacksonville,FL,United States,32211,30.328132,-81.5948608,(904) 374-1299,,,,,,,,
,Beaches Emergency Assistance,,publish,1,gd_place,,,"32250,Jacksonville Beach,FL",",6,",6,0,318 7th Ave N,,Jacksonville Beach,FL,United States,32250,30.2951884,-81.3938533,(904) 853-5270,,,,,,,,
,Loaves & Fish Food Pantry,,publish,1,gd_place,,,"33041,Key West,FL",",6,",6,0,PO Box 4767,,Key West,FL,United States,33041,24.5558528,-81.791898,,,,,,,,,
,Salvation Army FL Keys/Monroe,,publish,1,gd_place,,,"33040,Key West,FL",",6,",6,0,1920 Flagler Ave,,Key West,FL,United States,33040,24.5553503,-81.7790431,(305) 294-6505,,,,,,,,
,Ministries Lake Area,,publish,1,gd_place,,,"32656,Keystone Heights,FL",",6,",6,0,131 NE Commercial Cir,,Keystone Heights,FL,United States,32656,29.7865253,-82.0279634,(352) 473-2846,,,,,,,,
,Christian Food Pantry,,publish,1,gd_place,,,"32159,Lady Lake,FL",",6,",6,0,103 E Lady Lake Blvd,,Lady Lake,FL,United States,32159,28.9164306,-81.9204712,(352) 259-0788,,,,,,,,
,Catholic Charities Bureau,,publish,1,gd_place,,,"32055,Lake City,FL",",6,",6,0,553 NW Railroad St,,Lake City,FL,United States,32055,30.1964868,-82.6452636,(386) 754-9180,,,,,,,,
,Lake Panasoffkee Methodist Chr,,publish,1,gd_place,,,"33538,Lake Panasoffkee,FL",",6,",6,0,589 N C 470,,Lake Panasoffkee,FL,United States,33538,28.7876707,-82.1332818,(352) 793-3438,,,,,,,,
,Renewed Deliverance Christian,,publish,1,gd_place,,,"33403,Lake Park,FL",",6,",6,0,300 10th St # 24,,Lake Park,FL,United States,33403,26.7950669,-80.0715928,(561) 351-7609,,,,,,,,
,Cros Ministries,,publish,1,gd_place,,,"33461,Lake Worth,FL",",6,",6,0,3677 23rd Ave S # B101,,Lake Worth,FL,United States,33461,26.6226499,-80.0787316,(561) 233-9009,,,,,,,,
,Farmworker Coordinating,,publish,1,gd_place,,,"33460,Lake Worth,FL",",6,",6,0,1123 Crestwood Blvd,,Lake Worth,FL,United States,33460,26.6317296,-80.0578144,(561) 533-7227,,,,,,,,
,Palm Beach County Food Bank,,publish,1,gd_place,,,"33467,Lake Worth,FL",",6,",6,0,701 Boutwell Rd # A2,,Lake Worth,FL,United States,33467,26.6249638,-80.0766287,(561) 670-2518,,,,,,,,
,City-Refuge Chr-God In Christ,,publish,1,gd_place,,,"33805,Lakeland,FL",",6,",6,0,1105 N Ruth Ave,,Lakeland,FL,United States,33805,28.057209,-81.9810511,(863) 937-9208,,,,,,,,
,Inspiration Ministries,,publish,1,gd_place,,,"33803,Lakeland,FL",",6,",6,0,2150 E Edgewood Dr,,Lakeland,FL,United States,33803,28.0138541,-81.9175515,(863) 698-7512,,,,,,,,
,N C Resource Ctr,,publish,1,gd_place,,,"33803,Lakeland,FL",",6,",6,0,3068 Winter Lake Rd,,Lakeland,FL,United States,33803,27.9971462,-81.8977787,(863) 816-5102,,,,,,,,
,Talbot House Ministries,,publish,1,gd_place,,,"33801,Lakeland,FL",",6,",6,0,814 N Kentucky Ave,,Lakeland,FL,United States,33801,28.0516285,-81.9555699,(863) 687-8475,,,,,,,,
,St Vincent De Paul Society,,publish,1,gd_place,,,"34639,Land O Lakes,FL",",6,",6,0,2348 Collier Pkwy,,Land O Lakes,FL,United States,34639,28.1915809,-82.4338878,(813) 949-6094,,,,,,,,
,Clearwater Thrift Store,,publish,1,gd_place,,,"33770,Largo,FL",",6,",6,0,1715 Missouri Ave N,,Largo,FL,United States,33770,27.9345088,-82.7869549,(727) 216-6438,,,,,,,,
,Wholesale Food Depot,,publish,1,gd_place,,,"33311,Lauderdale Lakes,FL",",6,",6,0,3951 NW 19th St,,Lauderdale Lakes,FL,United States,33311,26.1509231,-80.2010491,(954) 635-2691,,,,,,,,
,Salvation Army,,publish,1,gd_place,,,"34461,Lecanto,FL",",6,",6,0,712 S School Ave,,Lecanto,FL,United States,34461,28.8527897,-82.4598337,(352) 513-4960,,,,,,,,
,Salvation Army Leesburg,,publish,1,gd_place,,,"34748,Leesburg,FL",",6,",6,0,2605 South St,,Leesburg,FL,United States,34748,28.8025876,-81.9099113,(352) 365-0079,,,,,,,,
,Sharing Center,,publish,1,gd_place,,,"32750,Longwood,FL",",6,",6,0,600 N US Highway 17 92 # 130,,Longwood,FL,United States,32750,28.6975745,-81.3278352,(407) 260-9155,,,,,,,,
,KAIR,,publish,1,gd_place,,,"33050,Marathon,FL",",6,",6,0,3010 Overseas Hwy,,Marathon,FL,United States,33050,24.7110434,-81.0968931,(305) 743-4582,,,,,,,,
,Our Daily Bread Food Pantry,,publish,1,gd_place,,,"34145,Marco Island,FL",",6,",6,0,1170 Ludlam Ct,,Marco Island,FL,United States,34145,25.921179,-81.7188245,,,,,,,,,
,Our Daily Bread Food Pantry,,publish,1,gd_place,,,"34146,Marco Island,FL",",6,",6,0,PO Box 109,,Marco Island,FL,United States,34146,25.95,-81.72,,,,,,,,,
,Ascension Social Concerns,,publish,1,gd_place,,,"32935,Melbourne,FL",",6,",6,0,1238 Aurora Rd,,Melbourne,FL,United States,32935,28.1337025,-80.6398454,(321) 259-5685,,,,,,,,
,South Brevard Sharing Ctr,,publish,1,gd_place,,,"32901,Melbourne,FL",",6,",6,0,17 E Hibiscus Blvd # 100,,Melbourne,FL,United States,32901,28.0847288,-80.6205936,(321) 727-8581,,,,,,,,
,Space Coast Kibble Kitchen,,publish,1,gd_place,,,"32934,Melbourne,FL",",6,",6,0,720 North Dr,,Melbourne,FL,United States,32934,28.1150186,-80.6905064,(321) 586-2242,,,,,,,,
,Believers Harvest Time Mnstrs,,publish,1,gd_place,,,"32666,Melrose,FL",",6,",6,0,1330 State Road 100,,Melrose,FL,United States,32666,29.727962,-81.9182906,(386) 659-2680,,,,,,,,
,Bego Adragot Nebille's Food,,publish,1,gd_place,,,"33147,Miami,FL",",6,",6,0,2143 NW 103rd St,,Miami,FL,United States,33147,25.8686267,-80.2332454,,,,,,,,,
,CFDC Food Bank,,publish,1,gd_place,,,"33169,Miami,FL",",6,",6,0,353 NW 170th St,,Miami,FL,United States,33169,25.9307552,-80.2077247,(305) 974-4679,,,,,,,,
,Community Food Distribution,,publish,1,gd_place,,,"33162,Miami,FL",",6,",6,0,329 NE 166th St,,Miami,FL,United States,33162,25.9278791,-80.1933262,(786) 693-6639,,,,,,,,
,Curley's House Food Bank,,publish,1,gd_place,,,"33127,Miami,FL",",6,",6,0,6025 NW 6th Ct,,Miami,FL,United States,33127,25.8310126,-80.2070574,(305) 759-9805,,,,,,,,
,Miami Food Bank,,publish,1,gd_place,,,"33179,Miami,FL",",6,",6,0,1622 NE 205th Ter,,Miami,FL,United States,33179,25.964054,-80.169138,(305) 219-3353,,,,,,,,
,Miami Food Bank Inc,,publish,1,gd_place,,,"33131,Miami,FL",",6,",6,0,600 Brickell Ave # 2700,,Miami,FL,United States,33131,25.7676723,-80.1906696,,,,,,,,,
,Turning Point Church-Miami,,publish,1,gd_place,,,"33175,Miami,FL",",6,",6,0,3350 SW 144th Ave,,Miami,FL,United States,33175,25.736277,-80.428975,(786) 242-8722,,,,,,,,
,Women-Worth Need To Feed Food,,publish,1,gd_place,,,"33170,Miami,FL",",6,",6,0,10910 SW 224th St,,Miami,FL,United States,33170,25.5588309,-80.3683661,,,,,,,,,
,Salvation Army Clay County,,publish,1,gd_place,,,"32068,Middleburg,FL",",6,",6,0,2795 County Road 220,,Middleburg,FL,United States,32068,30.1036571,-81.7918592,(904) 276-6677,,,,,,,,
,Feeding The Gulf Coast,,publish,1,gd_place,,,"32583,Milton,FL",",6,",6,0,5709 Industrial Blvd,,Milton,FL,United States,32583,30.6410236,-86.9848866,(850) 626-1332,,,,,,,,
,First Assembly Of God,,publish,1,gd_place,,,"32570,Milton,FL",",6,",6,0,6163 Dogwood Dr,,Milton,FL,United States,32570,30.6596646,-87.0559469,(850) 623-2854,,,,,,,,
,Mt Pilgrim Baptist Church,,publish,1,gd_place,,,"32570,Milton,FL",",6,",6,0,5103 M L King Jr Dr # 850,,Milton,FL,United States,32570,30.6324149,-87.0396881,(850) 623-4412,,,,,,,,
,Emmanuel Apostolic Church,,publish,1,gd_place,,,"33023,Miramar,FL",",6,",6,0,6114 SW 35th Ct,,Miramar,FL,United States,33023,25.9779701,-80.2088195,(954) 983-2558,,,,,,,,
,Casey's Hidden Pantry LLC,,publish,1,gd_place,,,"34120,Naples,FL",",6,",6,0,9570 Coquina Cir,,Naples,FL,United States,34120,26.293473,-81.6890814,,,,,,,,,
,Salvation Army-Naples-Collier,,publish,1,gd_place,,,"34104,Naples,FL",",6,",6,0,3180 Estey Ave,,Naples,FL,United States,34104,26.1413927,-81.7682345,(239) 775-9447,,,,,,,,
,St Vincent De Paul Society,,publish,1,gd_place,,,"34104,Naples,FL",",6,",6,0,4451 Mercantile Ave,,Naples,FL,United States,34104,26.1665956,-81.7554143,(239) 775-0443,,,,,,,,
,St Vincent De Paul Society,,publish,1,gd_place,,,"34652,New Port Richey,FL",",6,",6,0,5320 Shaw St,,New Port Richey,FL,United States,34652,28.2365101,-82.7257261,(727) 845-4955,,,,,,,,
,Volunteer Way,,publish,1,gd_place,,,"34654,New Port Richey,FL",",6,",6,0,10012 Moon Lake Rd,,New Port Richey,FL,United States,34654,28.30266,-82.6171991,(727) 856-0262,,,,,,,,
,Volunteer Way-Little Angel Ctr,,publish,1,gd_place,,,"34653,New Port Richey,FL",",6,",6,0,7820 Congress St,,New Port Richey,FL,United States,34653,28.2706098,-82.7070168,(727) 815-0433,,,,,,,,
,Harvest Community Food Bank,,publish,1,gd_place,,,"33068,North Lauderdale,FL",",6,",6,0,7309 SW 8th Ct,,North Lauderdale,FL,United States,33068,26.2193795,-80.2241603,,,,,,,,,
,Laurie's Pantry,,publish,1,gd_place,,,"33161,North Miami,FL",",6,",6,0,385 NE 131st St,,North Miami,FL,United States,33161,25.8957838,-80.1915529,,,,,,,,,
,JCS Kosher Food Bank,,publish,1,gd_place,,,"33162,North Miami Beach,FL",",6,",6,0,15455 W Dixie Hwy # A,,North Miami Beach,FL,United States,33162,25.9178895,-80.1596914,(305) 947-8890,,,,,,,,
,PTL Cabinets,,publish,1,gd_place,,,"33309,Oakland Park,FL",",6,",6,0,4120 NW 10th Ave,,Oakland Park,FL,United States,33309,26.1766246,-80.1574795,(954) 714-3162,,,,,,,,
,Circle Hands Food Pantry Inc,,publish,1,gd_place,,,"34475,Ocala,FL",",6,",6,0,2631 NW 2nd St,,Ocala,FL,United States,34475,29.1886637,-82.1678471,,,,,,,,,
,First Step Food Bank,,publish,1,gd_place,,,"34479,Ocala,FL",",6,",6,0,4045 NE 36th Ave,,Ocala,FL,United States,34479,29.2283927,-82.0864529,(352) 732-5500,,,,,,,,
,Pantry 3916,,publish,1,gd_place,,,"34480,Ocala,FL",",6,",6,0,5201 S Pine Ave,,Ocala,FL,United States,34480,29.134861,-82.107167,(352) 629-7639,,,,,,,,
,Salvation Army Ocala,,publish,1,gd_place,,,"34470,Ocala,FL",",6,",6,0,2901 NE 14th St,,Ocala,FL,United States,34470,29.2013353,-82.0980238,(352) 629-2004,,,,,,,,
,Bread Of Life Fellowship Inc,,publish,1,gd_place,,,"34761,Ocoee,FL",",6,",6,0,532 N Bluford Ave,,Ocoee,FL,United States,34761,28.5759734,-81.5442644,(407) 654-7777,,,,,,,,
,Mission House,,publish,1,gd_place,,,"34974,Okeechobee,FL",",6,",6,0,409 SE 4th Ave,,Okeechobee,FL,United States,34974,27.2392013,-80.8261657,(863) 763-6573,,,,,,,,
,Salvation Army,,publish,1,gd_place,,,"34974,Okeechobee,FL",",6,",6,0,1600 SW 2nd Ave,,Okeechobee,FL,United States,34974,27.2278807,-80.831594,(863) 763-6020,,,,,,,,
,Burger Beth,,publish,1,gd_place,,,"32801,Orlando,FL",",6,",6,0,24 E Washington St,,Orlando,FL,United States,32801,28.5434569,-81.3785352,(407) 650-4950,,,,,,,,
,Community Food & Outreach Ctr,,publish,1,gd_place,,,"32806,Orlando,FL",",6,",6,0,150 W Michigan St # A,,Orlando,FL,United States,32806,28.5124984,-81.3801122,(407) 428-5751,,,,,,,,
,El Bethel Christian Academy,,publish,1,gd_place,,,"32805,Orlando,FL",",6,",6,0,3000 Bruton Blvd,,Orlando,FL,United States,32805,28.5116695,-81.426439,(407) 648-1978,,,,,,,,
,Fedwel,,publish,1,gd_place,,,"32824,Orlando,FL",",6,",6,0,10501 S Orange Ave # 105,,Orlando,FL,United States,32824,28.4134465,-81.3728312,(407) 888-4482,,,,,,,,
,Harvest Food Ctr Inc LLC,,publish,1,gd_place,,,"32806,Orlando,FL",",6,",6,0,150 W Michigan St # A,,Orlando,FL,United States,32806,28.5124984,-81.3801122,(407) 650-0772,,,,,,,,
,Healing Hunger Food Pantry,,publish,1,gd_place,,,"32807,Orlando,FL",",6,",6,0,26 Willow Dr,,Orlando,FL,United States,32807,28.5453244,-81.3061472,,,,,,,,,
,Human Crisis Ctr Inc,,publish,1,gd_place,,,"32810,Orlando,FL",",6,",6,0,5514 Edgewater Dr,,Orlando,FL,United States,32810,28.6079988,-81.4131006,(407) 521-7750,,,,,,,,
,Meals 2 Go,,publish,1,gd_place,,,"32826,Orlando,FL",",6,",6,0,13781 E Colonial Dr,,Orlando,FL,United States,32826,28.5658746,-81.1804772,(407) 757-0727,,,,,,,,
,Orlando Bishop's Storehouse,,publish,1,gd_place,,,"32837,Orlando,FL",",6,",6,0,10502 Satellite Blvd,,Orlando,FL,United States,32837,28.4119756,-81.4020544,(407) 857-1733,,,,,,,,
,Sanctuary Church,,publish,1,gd_place,,,"32806,Orlando,FL",",6,",6,0,2719 Conway Gardens Rd,,Orlando,FL,United States,32806,28.5126111,-81.3386422,(407) 896-3535,,,,,,,,
,Second Harvest Food Bank,,publish,1,gd_place,,,"32805,Orlando,FL",",6,",6,0,411 Mercy Dr,,Orlando,FL,United States,32805,28.5481544,-81.4294436,(407) 295-1066,,,,,,,,
,Servants Heart Ctr,,publish,1,gd_place,,,"32809,Orlando,FL",",6,",6,0,6448 Pinecastle Blvd # 103,,Orlando,FL,United States,32809,28.4621414,-81.3707942,(407) 447-9022,,,,,,,,
,CWC Ministries Inc,,publish,1,gd_place,,,"32174,Ormond Beach,FL",",6,",6,0,54 S Ridgewood Ave,,Ormond Beach,FL,United States,32174,29.2829766,-81.058875,(386) 310-4909,,,,,,,,
,St Vincent De Paul Society,,publish,1,gd_place,,,"32907,Palm Bay,FL",",6,",6,0,300 Malabar Rd SE,,Palm Bay,FL,United States,32907,27.9977972,-80.6654157,(321) 725-6866,,,,,,,,
,Tomoka Christian Chr Palm Bay,,publish,1,gd_place,,,"32907,Palm Bay,FL",",6,",6,0,344 Emerson Dr NW,,Palm Bay,FL,United States,32907,28.0311044,-80.6799618,(321) 724-0491,,,,,,,,
,Feast Food Pantry,,publish,1,gd_place,,,"34683,Palm Harbor,FL",",6,",6,0,2255 Nebraska Ave,,Palm Harbor,FL,United States,34683,28.0800931,-82.7446222,(727) 789-5275,,,,,,,,
,Church Of Hope Palmetto,,publish,1,gd_place,,,"34221,Palmetto,FL",",6,",6,0,1706 9th St W,,Palmetto,FL,United States,34221,27.5202884,-82.5856296,(941) 531-3266,,,,,,,,
,Salvation Army Panama City,,publish,1,gd_place,,,"32401,Panama City,FL",",6,",6,0,1824 W 15th St,,Panama City,FL,United States,32401,30.1756963,-85.6882652,(850) 769-5259,,,,,,,,
,Food 4 Kidz,,publish,1,gd_place,,,"32413,Panama City Beach,FL",",6,",6,0,105 Estes Pl,,Panama City Beach,FL,United States,32413,30.2428733,-85.9074126,(850) 249-5439,,,,,,,,
,Feeding South Florida Inc,,publish,1,gd_place,,,"33023,Pembroke Park,FL",",6,",6,0,2501 SW 32nd Ter,,Pembroke Park,FL,United States,33023,25.987391,-80.1732949,(954) 518-1818,,,,,,,,
,A Place In Time Christian RTRT,,publish,1,gd_place,,,"33029,Pembroke Pines,FL",",6,",6,0,20871 Johnson St # 101,,Pembroke Pines,FL,United States,33029,26.016415,-80.4275781,(954) 435-7474,,,,,,,,
,Manna Food Pantries,,publish,1,gd_place,,,"32501,Pensacola,FL",",6,",6,0,3030 N E St,,Pensacola,FL,United States,32501,30.4429222,-87.2281801,(850) 432-2053,,,,,,,,
,Salvation Army Pensacola,,publish,1,gd_place,,,"32505,Pensacola,FL",",6,",6,0,1501 N Q St,,Pensacola,FL,United States,32505,30.4270208,-87.2436936,(850) 432-1501,,,,,,,,
,United Way Of Escambia County,,publish,1,gd_place,,,"32502,Pensacola,FL",",6,",6,0,1301 W Government St,,Pensacola,FL,United States,32502,30.4073384,-87.232792,(850) 434-3157,,,,,,,,
,St Giles Episcopal Church,,publish,1,gd_place,,,"33781,Pinellas Park,FL",",6,",6,0,8271 52nd St N,,Pinellas Park,FL,United States,33781,27.8469338,-82.7034721,(727) 544-6856,,,,,,,,
,United Food Bank & Svc-Plant,,publish,1,gd_place,,,"33563,Plant City,FL",",6,",6,0,702 E Alsobrook St # H,,Plant City,FL,United States,33563,28.0077903,-82.1189736,(813) 764-0625,,,,,,,,
,Mt Pisgah MB Church,,publish,1,gd_place,,,"33069,Pompano Beach,FL",",6,",6,0,891 NW 27th Ave,,Pompano Beach,FL,United States,33069,26.2394439,-80.1597377,(954) 973-7143,,,,,,,,
,Impact Family Ministries,,publish,1,gd_place,,,"34668,Port Richey,FL",",6,",6,0,8020 Washington St,,Port Richey,FL,United States,34668,28.2735168,-82.7192957,(727) 934-0058,,,,,,,,
,Volunteer Way,,publish,1,gd_place,,,"34668,Port Richey,FL",",6,",6,0,8061 Congress St,,Port Richey,FL,United States,34668,28.2746583,-82.7080305,(727) 815-1600,,,,,,,,
,Real Abundant Food Pantry Inc,,publish,1,gd_place,,,"34952,Port Saint Lucie,FL",",6,",6,0,1986 SE Dranson Cir,,Port Saint Lucie,FL,United States,34952,27.2817884,-80.269221,,,,,,,,,
,Bread Of Life Mission Inc,,publish,1,gd_place,,,"33950,Punta Gorda,FL",",6,",6,0,6454 Scott St,,Punta Gorda,FL,United States,33950,26.9351769,-82.0379254,(941) 575-4440,,,,,,,,
,Farm Share,,publish,1,gd_place,,,"32351,Quincy,FL",",6,",6,0,18212 Blue Star Hwy,,Quincy,FL,United States,32351,30.5859147,-84.6225665,(850) 627-9500,,,,,,,,
,Southern Territorial Salvation,,publish,1,gd_place,,,"32771,Sanford,FL",",6,",6,0,700 W 24th St,,Sanford,FL,United States,32771,28.7909723,-81.2745242,(407) 322-2642,,,,,,,,
,Caring & Sharing-South Walton,,publish,1,gd_place,,,"32459,Santa Rosa Beach,FL",",6,",6,0,112 Lynn Dr,,Santa Rosa Beach,FL,United States,32459,30.372286,-86.2202348,(850) 267-2866,,,,,,,,
,All Faiths Food Bank,,publish,1,gd_place,,,"34240,Sarasota,FL",",6,",6,0,8171 Blaikie Ct,,Sarasota,FL,United States,34240,27.3471981,-82.4020515,(941) 379-6333,,,,,,,,
,Heartland Food Reservoir Inc,,publish,1,gd_place,,,"33870,Sebring,FL",",6,",6,0,227 US Highway 27 S,,Sebring,FL,United States,33870,27.4809111,-81.4781443,(863) 382-8900,,,,,,,,
,Heartland Food Reservoir Inc,,publish,1,gd_place,,,"33870,Sebring,FL",",6,",6,0,928 State Road 17 N,,Sebring,FL,United States,33870,27.5045399,-81.4386069,(863) 385-7885,,,,,,,,
,Salvation Army Family Store,,publish,1,gd_place,,,"33870,Sebring,FL",",6,",6,0,3135 Kenilworth Blvd,,Sebring,FL,United States,33870,27.4851918,-81.4352378,(863) 385-3422,,,,,,,,
,New Life Tabernacle United,,publish,1,gd_place,,,"33584,Seffner,FL",",6,",6,0,6912 Williams Rd,,Seffner,FL,United States,33584,28.0149069,-82.327724,(813) 740-1868,,,,,,,,
,Help Agency,,publish,1,gd_place,,,"34488,Silver Springs,FL",",6,",6,0,15990 E Highway 40,,Silver Springs,FL,United States,34488,29.1813454,-81.8882656,(352) 812-9158,,,,,,,,
,Catholic Charities Bureau,,publish,1,gd_place,,,"32084,Saint Augustine,FL",",6,",6,0,3940 Lewis Speedway # 2103,,Saint Augustine,FL,United States,32084,29.9393223,-81.3390276,(904) 829-6300,,,,,,,,
,Daystar Life Ctr Inc,,publish,1,gd_place,,,"33712,Saint Petersburg,FL",",6,",6,0,1055 28th St S,,Saint Petersburg,FL,United States,33712,27.7594469,-82.6715079,(727) 825-0442,,,,,,,,
,Suncoast Haven Of Rest,,publish,1,gd_place,,,"33713,Saint Petersburg,FL",",6,",6,0,1763 9th Ave N,,Saint Petersburg,FL,United States,33713,27.7813029,-82.6572266,(727) 545-8282,,,,,,,,
,TLC Food Pantry Inc,,publish,1,gd_place,,,"33701,Saint Petersburg,FL",",6,",6,0,401 5th St N,,Saint Petersburg,FL,United States,33701,27.7768072,-82.6398618,,,,,,,,,
,Bradford Ecumenical Ministry,,publish,1,gd_place,,,"32091,Starke,FL",",6,",6,0,321 W Andrews St,,Starke,FL,United States,32091,29.9570378,-82.1079609,(904) 964-3984,,,,,,,,
,Sower Of The Seed Food Pantry,,publish,1,gd_place,,,"32359,Steinhatchee,FL",",6,",6,0,PO Box 315,,Steinhatchee,FL,United States,32359,29.6710597,-83.387638,,,,,,,,,
,Comprehensive Emergency Svc,,publish,1,gd_place,,,"32304,Tallahassee,FL",",6,",6,0,2650 Municipal Way,,Tallahassee,FL,United States,32304,30.440414,-84.3311195,(850) 329-2200,,,,,,,,
,Salvation Army Tallahassee,,publish,1,gd_place,,,"32312,Tallahassee,FL",",6,",6,0,2410 Allen Rd,,Tallahassee,FL,United States,32312,30.4765126,-84.2949412,(850) 222-0304,,,,,,,,
,Second Harvest Of The Big Bend,,publish,1,gd_place,,,"32310,Tallahassee,FL",",6,",6,0,4446 Entrepot Blvd,,Tallahassee,FL,United States,32310,30.4008606,-84.3252091,(850) 562-3033,,,,,,,,
,Community Food Pantry,,publish,1,gd_place,,,"33618,Tampa,FL",",6,",6,0,13115 S Village Dr,,Tampa,FL,United States,33618,28.0657362,-82.5080553,,,,,,,,,
,Kaye Prox Food Bank,,publish,1,gd_place,,,"33615,Tampa,FL",",6,",6,0,8401 W Hillsborough Ave,,Tampa,FL,United States,33615,27.9971255,-82.5777076,(813) 884-1232,,,,,,,,
,Mission Tampa,,publish,1,gd_place,,,"33614,Tampa,FL",",6,",6,0,5802 N Himes Ave,,Tampa,FL,United States,33614,28.000009,-82.501273,(813) 236-6237,,,,,,,,
,Ronnie Felton Food Pantry,,publish,1,gd_place,,,"33603,Tampa,FL",",6,",6,0,5100 N Nebraska Ave,,Tampa,FL,United States,33603,27.9921505,-82.4514851,,,,,,,,,
,Fellowship Resc Ue Mission,,publish,1,gd_place,,,"33592,Thonotosassa,FL",",6,",6,0,10802 Main St,,Thonotosassa,FL,United States,33592,28.05826,-82.2942655,(813) 986-5673,,,,,,,,
,Good Shepherd Lutheran Church,,publish,1,gd_place,,,"32796,Titusville,FL",",6,",6,0,2073 Garden St,,Titusville,FL,United States,32796,28.6144159,-80.8267561,(321) 267-4323,,,,,,,,
,Humming Bird Pantry,,publish,1,gd_place,,,"32780,Titusville,FL",",6,",6,0,3000 Jolly St,,Titusville,FL,United States,32780,28.5819697,-80.8126677,(321) 225-4075,,,,,,,,
,Salvation Army,,publish,1,gd_place,,,"32796,Titusville,FL",",6,",6,0,1218 Main St,,Titusville,FL,United States,32796,28.6127808,-80.8176656,(321) 269-3110,,,,,,,,
,Seventh Day Adventist Chr,,publish,1,gd_place,,,"32780,Titusville,FL",",6,",6,0,5005 Barna Ave,,Titusville,FL,United States,32780,28.5505992,-80.8220551,(321) 267-8893,,,,,,,,
,Salvation Army Venice,,publish,1,gd_place,,,"34285,Venice,FL",",6,",6,0,1051 Albee Farm Rd,,Venice,FL,United States,34285,27.1087865,-82.434052,(941) 484-6227,,,,,,,,
,South County Food Pantry,,publish,1,gd_place,,,"34285,Venice,FL",",6,",6,0,121 Warfield Ave,,Venice,FL,United States,34285,27.0991003,-82.436547,(941) 408-2911,,,,,,,,
,Anwara Shell,,publish,1,gd_place,,,"32960,Vero Beach,FL",",6,",6,0,1600 14th Ave,,Vero Beach,FL,United States,32960,27.6315684,-80.3985912,(772) 978-0046,,,,,,,,
,Christ By The Sea United M C,,publish,1,gd_place,,,"32963,Vero Beach,FL",",6,",6,0,3755 Highway A1a,,Vero Beach,FL,United States,32963,27.6590869,-80.3617907,(772) 231-1661,,,,,,,,
,Food Pantry Of Indian River Co,,publish,1,gd_place,,,"32960,Vero Beach,FL",",6,",6,0,2206 16th Ave,,Vero Beach,FL,United States,32960,27.6407657,-80.401018,(772) 770-2068,,,,,,,,
,Kingdom Harvest Inc,,publish,1,gd_place,,,"32967,Vero Beach,FL",",6,",6,0,4583 US Highway 1,,Vero Beach,FL,United States,32967,27.676326,-80.4087984,(772) 999-3742,,,,,,,,
,Salvation Army Vero Beach,,publish,1,gd_place,,,"32962,Vero Beach,FL",",6,",6,0,2655 5th St SW,,Vero Beach,FL,United States,32962,27.5937687,-80.4135693,(772) 978-0265,,,,,,,,
,Second Harvest Food Bank,,publish,1,gd_place,,,"32904,West Melbourne,FL",",6,",6,0,6928 Vickie Cir,,West Melbourne,FL,United States,32904,28.0947584,-80.6683434,(321) 733-1600,,,,,,,,
,Feed The Hungry Pantry Of PBC,,publish,1,gd_place,,,"33407,West Palm Beach,FL",",6,",6,0,,,West Palm Beach,FL,United States,33407,26.7619563,-80.1037721,(561) 557-8161,,,,,,,,
,True Fast Outreach Ministry,,publish,1,gd_place,,,"33401,West Palm Beach,FL",",6,",6,0,638 6th St,,West Palm Beach,FL,United States,33401,26.7186414,-80.0584171,(561) 594-5685,,,,,,,,
,Caring Hands,,publish,1,gd_place,,,"34785,Wildwood,FL",",6,",6,0,307 Hall St,,Wildwood,FL,United States,34785,28.8610075,-82.039575,(352) 748-2553,,,,,,,,
,First Baptist Chr Of Wildwood,,publish,1,gd_place,,,"34785,Wildwood,FL",",6,",6,0,307 Hall St,,Wildwood,FL,United States,34785,28.8610075,-82.039575,(352) 748-2553,,,,,,,,
,St Vincent De Paul Chr Otrch,,publish,1,gd_place,,,"34785,Wildwood,FL",",6,",6,0,210 Wonders St,,Wildwood,FL,United States,34785,28.8616396,-82.0401247,(352) 689-0129,,,,,,,,
,Poverello Center Inc,,publish,1,gd_place,,,"33305,Wilton Manors,FL",",6,",6,0,2056 N Dixie Hwy,,Wilton Manors,FL,United States,33305,26.1556474,-80.1321289,(954) 561-3663,,,,,,,,
,Our Lady-Guadalupe Catholic,,publish,1,gd_place,,,"33598,Wimauma,FL",",6,",6,0,16650 S US Highway 301,,Wimauma,FL,United States,33598,27.7100105,-82.3344104,(813) 633-2384,,,,,,,,
,Havendale Christian Church,,publish,1,gd_place,,,"33881,Winter Haven,FL",",6,",6,0,3900 Lake Blue Dr,,Winter Haven,FL,United States,33881,28.0514659,-81.7735369,(863) 967-0046,,,,,,,,
,Salvation Army Winter Haven,,publish,1,gd_place,,,"33880,Winter Haven,FL",",6,",6,0,1898 N Highway 17 N,,Winter Haven,FL,United States,33880,28.0415249,-81.7340402,(863) 294-7493,,,,,,,,
,Images Of Glory,,publish,1,gd_place,,,"32792,Winter Park,FL",",6,",6,0,7480 Aloma Ave,,Winter Park,FL,United States,32792,28.6092277,-81.2867445,(407) 988-3048,,,,,,,,
,Patmos Chapel Worship Ctr-Food,,publish,1,gd_place,,,"32789,Winter Park,FL",",6,",6,0,821 W Swoope Ave,,Winter Park,FL,United States,32789,28.6022348,-81.3592766,(407) 629-7005,,,,,,,,
