ID,post_title,post_content,post_status,post_author,post_type,post_date,post_modified,post_tags,post_category,default_category,featured,street,street2,city,region,country,zip,latitude,longitude,phone,email,website,twitter,facebook,video,special_offers,business_hours,post_images
,6th & E Street Eatery,,publish,1,gd_place,,,"95501,Eureka,CA",",6,",6,0,603 E St,,Eureka,CA,United States,95501,40.8008262,-124.1666439,(707) 445-8783,,,,,,,,
,A R Razzaq Food Bank,,publish,1,gd_place,,,"95826,Sacramento,CA",",6,",6,0,,,Sacramento,CA,United States,95826,38.5499634,-121.3884671,(916) 379-9750,,,,,,,,
,Accufood,,publish,1,gd_place,,,"91367,Woodland Hills,CA",",6,",6,0,6459 Independence Ave,,Woodland Hills,CA,United States,91367,34.1878984,-118.5912683,(818) 887-3988,,,,,,,,
,Acts Food Pantry,,publish,1,gd_place,,,"91001,Altadena,CA",",6,",6,0,943 E Altadena Dr,,Altadena,CA,United States,91001,34.190655,-118.1305091,,,,,,,,,
,Alameda County Cmnty Food Bank,,publish,1,gd_place,,,"94520,Concord,CA",",6,",6,0,5121 Port Chicago Hwy,,Concord,CA,United States,94520,38.0159316,-122.025941,(510) 635-3663,,,,,,,,
,Alameda County Cmnty Food Bank,,publish,1,gd_place,,,"94621,Oakland,CA",",6,",6,0,7900 Edgewater Dr,,Oakland,CA,United States,94621,37.7415255,-122.2013871,(510) 635-3663,,,,,,,,
,Alameda Food Bank,,publish,1,gd_place,,,"94501,Alameda,CA",",6,",6,0,1900 Thau Way,,Alameda,CA,United States,94501,37.7793309,-122.2744496,(510) 523-5850,,,,,,,,
,All Saints Episcopal Church,,publish,1,gd_place,,,"93030,Oxnard,CA",",6,",6,0,144 S C St,,Oxnard,CA,United States,93030,34.2018275,-119.1807614,(805) 483-2347,,,,,,,,
,Almanor Basin Food Pantry,,publish,1,gd_place,,,"96020,Chester,CA",",6,",6,0,PO Box 1445,,Chester,CA,United States,96020,40.3062736,-121.2319098,,,,,,,,,
,Anderson-Cottonwood Christian,,publish,1,gd_place,,,"96007,Anderson,CA",",6,",6,0,2979 E Center St,,Anderson,CA,United States,96007,40.4505859,-122.3000382,(530) 365-4220,,,,,,,,
,Apple Valley Chr-The Nazarene,,publish,1,gd_place,,,"92308,Apple Valley,CA",",6,",6,0,12935 Central Rd,,Apple Valley,CA,United States,92308,34.4871238,-117.1721531,(760) 247-8433,,,,,,,,
,AR Razzaq Food Bank,,publish,1,gd_place,,,"95860,Sacramento,CA",",6,",6,0,PO Box 601503,,Sacramento,CA,United States,95860,38.61,-121.38,(916) 761-5216,,,,,,,,
,Ar-Razzaq Food Bank,,publish,1,gd_place,,,"95825,Sacramento,CA",",6,",6,0,2245 Park Towne Cir # 2,,Sacramento,CA,United States,95825,38.6056205,-121.3844192,(916) 488-8110,,,,,,,,
,Assumption Food Resource,,publish,1,gd_place,,,"96161,Truckee,CA",",6,",6,0,10116 E St,,Truckee,CA,United States,96161,39.3301524,-120.1823302,(530) 582-4493,,,,,,,,
,Auburn Interfaith Food Closet,,publish,1,gd_place,,,"95603,Auburn,CA",",6,",6,0,1788 Auburn Ravine Rd,,Auburn,CA,United States,95603,38.9223498,-121.0588161,(530) 885-1921,,,,,,,,
,Banco De Alimendos De Gdlp,,publish,1,gd_place,,,"93311,Bakersfield,CA",",6,",6,0,11604 Crabbet Park Dr,,Bakersfield,CA,United States,93311,35.3394452,-119.132032,,,,,,,,,
,Bay Area Food Bank,,publish,1,gd_place,,,"94520,Concord,CA",",6,",6,0,5121 Port Chicago Hwy,,Concord,CA,United States,94520,38.0159316,-122.025941,(800) 870-3663,,,,,,,,
,Bayco Vending,,publish,1,gd_place,,,"94123,San Francisco,CA",",6,",6,0,1592 Union St # 49,,San Francisco,CA,United States,94123,37.7986566,-122.4254676,(650) 589-5252,,,,,,,,
,Bethany Presbyterian Church,,publish,1,gd_place,,,"95822,Sacramento,CA",",6,",6,0,5625 24th St,,Sacramento,CA,United States,95822,38.5239681,-121.4823589,(916) 428-5281,,,,,,,,
,Bethlehem Center,,publish,1,gd_place,,,"93291,Visalia,CA",",6,",6,0,1638 N Dinuba Blvd,,Visalia,CA,United States,93291,36.3450239,-119.296319,(559) 734-1572,,,,,,,,
,Big Valley Grace,,publish,1,gd_place,,,"95356,Modesto,CA",",6,",6,0,4040 Tully Rd # A,,Modesto,CA,United States,95356,37.6975926,-121.0086915,(209) 577-1604,,,,,,,,
,Bishops Storehouse,,publish,1,gd_place,,,"90023,Los Angeles,CA",",6,",6,0,2730 E 12th St,,Los Angeles,CA,United States,90023,34.0213254,-118.2196594,(323) 265-8051,,,,,,,,
,Blessing Center,,publish,1,gd_place,,,"92374,Redlands,CA",",6,",6,0,1157 Judson St,,Redlands,CA,United States,92374,34.0680907,-117.1565644,(909) 793-5677,,,,,,,,
,Blue Lake Family Resource Ctr,,publish,1,gd_place,,,"95525,Blue Lake,CA",",6,",6,0,111 Greenwood Rd,,Blue Lake,CA,United States,95525,40.8829072,-123.9839488,(707) 668-4281,,,,,,,,
,Blythe Emergency Food Pantry,,publish,1,gd_place,,,"92225,Blythe,CA",",6,",6,0,181 S Main St,,Blythe,CA,United States,92225,33.6087318,-114.5997809,(760) 922-8836,,,,,,,,
,Building Up Lives Foundation,,publish,1,gd_place,,,"92553,Moreno Valley,CA",",6,",6,0,24441 Sunnymead Blvd,,Moreno Valley,CA,United States,92553,33.9386946,-117.2366775,(951) 550-5466,,,,,,,,
,Butler's Pantry LLC,,publish,1,gd_place,,,"94545,Hayward,CA",",6,",6,0,2159 National Ave,,Hayward,CA,United States,94545,37.6497607,-122.1273434,,,,,,,,,
,C P E Food Pantry,,publish,1,gd_place,,,"96001,Redding,CA",",6,",6,0,2570 S Bonnyview Rd,,Redding,CA,United States,96001,40.5306692,-122.379103,(530) 319-3737,,,,,,,,
,Calaveras Childrens Avocacy,,publish,1,gd_place,,,"95252,Valley Springs,CA",",6,",6,0,1934 S Highway 26,,Valley Springs,CA,United States,95252,38.1678154,-120.8422228,(209) 584-9092,,,,,,,,
,Calaveras County Food Bank,,publish,1,gd_place,,,"95249,San Andreas,CA",",6,",6,0,206 George Reed Dr,,San Andreas,CA,United States,95249,38.1791188,-120.6778199,(209) 754-1257,,,,,,,,
,Calif Association-Food Banks,,publish,1,gd_place,,,"94612,Oakland,CA",",6,",6,0,1624 Franklin St # 722,,Oakland,CA,United States,94612,37.8057543,-122.2682023,(510) 272-4435,,,,,,,,
,Call-Primrose Ctr,,publish,1,gd_place,,,"94010,Burlingame,CA",",6,",6,0,139 Primrose Rd,,Burlingame,CA,United States,94010,37.5760789,-122.3465986,(650) 342-2255,,,,,,,,
,Calvary Evangelical Luth Chr,,publish,1,gd_place,,,"92105,San Diego,CA",",6,",6,0,3060 54th St,,San Diego,CA,United States,92105,32.7370178,-117.0807413,(619) 582-5581,,,,,,,,
,Calvary Pico Rivera,,publish,1,gd_place,,,"90660,Pico Rivera,CA",",6,",6,0,4211 Columbia Ave,,Pico Rivera,CA,United States,90660,34.0136384,-118.0841411,(562) 777-5134,,,,,,,,
,Catholic Charities,,publish,1,gd_place,,,"93301,Bakersfield,CA",",6,",6,0,825 Chester Ave,,Bakersfield,CA,United States,93301,35.3651552,-119.0192207,(661) 281-2130,,,,,,,,
,Catholic Charities,,publish,1,gd_place,,,"93701,Fresno,CA",",6,",6,0,149 N Fulton St,,Fresno,CA,United States,93701,36.7447641,-119.8006383,(559) 237-0851,,,,,,,,
,Catholic Charities Los Angeles,,publish,1,gd_place,,,"91731,El Monte,CA",",6,",6,0,4171 Tyler Ave,,El Monte,CA,United States,91731,34.0827868,-118.0319082,(626) 575-7652,,,,,,,,
,Catholic Charities St Francis,,publish,1,gd_place,,,"92084,Vista,CA",",6,",6,0,917 E Vista Way,,Vista,CA,United States,92084,33.210465,-117.2310813,(760) 631-2819,,,,,,,,
,Central California Food Bank,,publish,1,gd_place,,,"93725,Fresno,CA",",6,",6,0,4010 E Amendola Dr,,Fresno,CA,United States,93725,36.6942455,-119.7575808,(559) 237-3663,,,,,,,,
,Chicken King,,publish,1,gd_place,,,"93721,Fresno,CA",",6,",6,0,1234 Fulton St,,Fresno,CA,United States,93721,36.7366344,-119.7927951,(559) 266-5464,,,,,,,,
,Chico Adventist Church,,publish,1,gd_place,,,"95926,Chico,CA",",6,",6,0,1877 Hooker Oak Ave,,Chico,CA,United States,95926,39.7545138,-121.804434,(530) 342-7777,,,,,,,,
,Children's Food Bank,,publish,1,gd_place,,,"92057,Oceanside,CA",",6,",6,0,844 Grove View Rd,,Oceanside,CA,United States,92057,33.2767187,-117.2581734,,,,,,,,,
,Christian Assistance Network,,publish,1,gd_place,,,"95992,Yuba City,CA",",6,",6,0,232 Tea Gdn,,Yuba City,CA,United States,95992,39.14,-121.62,(530) 671-7344,,,,,,,,
,Christmas Cheer,,publish,1,gd_place,,,"96150,South Lake Tahoe,CA",",6,",6,0,1120 3rd St,,South Lake Tahoe,CA,United States,96150,38.9138055,-119.9969737,(530) 542-4934,,,,,,,,
,Christmas Cheer All Year,,publish,1,gd_place,,,"96150,South Lake Tahoe,CA",",6,",6,0,1120 3rd St,,South Lake Tahoe,CA,United States,96150,38.9138055,-119.9969737,(530) 542-4934,,,,,,,,
,Chubby Pantry Co,,publish,1,gd_place,,,"94605,Oakland,CA",",6,",6,0,3448 Oak Knoll Blvd,,Oakland,CA,United States,94605,37.7560387,-122.1505722,,,,,,,,,
,Circle,,publish,1,gd_place,,,"92113,San Diego,CA",",6,",6,0,5081 Logan Ave,,San Diego,CA,United States,92113,32.6965202,-117.0858162,(619) 915-6861,,,,,,,,
,Circle Of Care,,publish,1,gd_place,,,"92591,Temecula,CA",",6,",6,0,26090 Ynez Rd,,Temecula,CA,United States,92591,33.529481,-117.1622147,(951) 973-3582,,,,,,,,
,City Mission Ministries,,publish,1,gd_place,,,"92346,Highland,CA",",6,",6,0,26200 Date St,,Highland,CA,United States,92346,34.1417757,-117.2328049,(909) 649-0011,,,,,,,,
,Clear Lake Gleaners,,publish,1,gd_place,,,"95435,Finley,CA",",6,",6,0,1896 Big Valley Rd,,Finley,CA,United States,95435,39.0042119,-122.8759338,(707) 263-8082,,,,,,,,
,Coastal Pacific Food District,,publish,1,gd_place,,,"91761,Ontario,CA",",6,",6,0,1520 E Mission Blvd # B,,Ontario,CA,United States,91761,34.0499729,-117.618934,(909) 947-2066,,,,,,,,
,Community Action North Bay,,publish,1,gd_place,,,"94533,Fairfield,CA",",6,",6,0,416 Union Ave,,Fairfield,CA,United States,94533,38.2458965,-122.0404994,(707) 427-1148,,,,,,,,
,Community Action Partnership,,publish,1,gd_place,,,"93307,Bakersfield,CA",",6,",6,0,1807 Feliz Dr,,Bakersfield,CA,United States,93307,35.3487987,-118.9797086,(661) 398-4520,,,,,,,,
,Community Assistance Network,,publish,1,gd_place,,,"95531,Crescent City,CA",",6,",6,0,355 Standard Veneer Rd,,Crescent City,CA,United States,95531,41.7949689,-124.1884166,(707) 464-9190,,,,,,,,
,Community Distribution Ctr,,publish,1,gd_place,,,"91352,Sun Valley,CA",",6,",6,0,11350 Saticoy St,,Sun Valley,CA,United States,91352,34.2081882,-118.3787912,(818) 759-0616,,,,,,,,
,Community Food Bank,,publish,1,gd_place,,,"95023,Hollister,CA",",6,",6,0,1133 San Felipe Rd,,Hollister,CA,United States,95023,36.8729764,-121.4001228,(831) 637-0340,,,,,,,,
,Community Food Bank-Sn Benito,,publish,1,gd_place,,,"95023,Hollister,CA",",6,",6,0,1133 San Felipe Rd,,Hollister,CA,United States,95023,36.8729764,-121.4001228,,,,,,,,,
,Community Food Pantry-Murrieta,,publish,1,gd_place,,,"92563,Murrieta,CA",",6,",6,0,39493 Los Alamos Rd # A,,Murrieta,CA,United States,92563,33.5761576,-117.1785858,(951) 677-6347,,,,,,,,
,Community Pantry,,publish,1,gd_place,,,"92543,Hemet,CA",",6,",6,0,521 N San Jacinto St,,Hemet,CA,United States,92543,33.7552433,-116.959484,(951) 929-1101,,,,,,,,
,Community Resource Ctr,,publish,1,gd_place,,,"91977,Spring Valley,CA",",6,",6,0,9950 Campo Rd # 203,,Spring Valley,CA,United States,91977,32.748237,-116.981549,(619) 825-7493,,,,,,,,
,Community Resource Ctr-St,,publish,1,gd_place,,,"95525,Blue Lake,CA",",6,",6,0,111 Greenwood Rd,,Blue Lake,CA,United States,95525,40.8829072,-123.9839488,(707) 668-5239,,,,,,,,
,Community Resources Council,,publish,1,gd_place,,,"95678,Roseville,CA",",6,",6,0,8284 Industrial Ave,,Roseville,CA,United States,95678,38.7845621,-121.3040737,(916) 783-0481,,,,,,,,
,Community Sharing Christian,,publish,1,gd_place,,,"95361,Oakdale,CA",",6,",6,0,579 Center St,,Oakdale,CA,United States,95361,37.7612347,-120.8406188,(209) 847-3401,,,,,,,,
,Crescent Food Bank,,publish,1,gd_place,,,"92614,Irvine,CA",",6,",6,0,18023 Sky Park Cir # F2,,Irvine,CA,United States,92614,33.6886604,-117.8549988,,,,,,,,,
,Davis Food Co-Op,,publish,1,gd_place,,,"95937,Dunnigan,CA",",6,",6,0,620 G Davis,,Dunnigan,CA,United States,95937,38.8852378,-121.9695801,(530) 757-1246,,,,,,,,
,Downtown Dental Group-Drs,,publish,1,gd_place,,,"93721,Fresno,CA",",6,",6,0,2948 Fresno St,,Fresno,CA,United States,93721,36.742908,-119.7822249,(559) 264-0004,,,,,,,,
,El Salvador Foundation,,publish,1,gd_place,,,"91306,Winnetka,CA",",6,",6,0,20227 Saticoy St # 112,,Winnetka,CA,United States,91306,34.2085966,-118.5742421,(818) 527-1395,,,,,,,,
,Elevation Of The Holy Cross,,publish,1,gd_place,,,"95826,Sacramento,CA",",6,",6,0,9000 Jackson Rd,,Sacramento,CA,United States,95826,38.5365537,-121.367207,(916) 857-0806,,,,,,,,
,Elk Grove Food Bank Svc,,publish,1,gd_place,,,"95624,Elk Grove,CA",",6,",6,0,9820 Dino Dr # 140,,Elk Grove,CA,United States,95624,38.400632,-121.357864,(916) 685-8453,,,,,,,,
,Emergency Food Bank,,publish,1,gd_place,,,"95203,Stockton,CA",",6,",6,0,7 W Scotts Ave,,Stockton,CA,United States,95203,37.9453925,-121.2898048,(209) 464-7369,,,,,,,,
,Emmanuel Baptist Rescue MSSN,,publish,1,gd_place,,,"90013,Los Angeles,CA",",6,",6,0,530 E 5th St,,Los Angeles,CA,United States,90013,34.0435326,-118.243092,(213) 626-4681,,,,,,,,
,Epcan Food Bank,,publish,1,gd_place,,,"96122,Portola,CA",",6,",6,0,120 Nevada St,,Portola,CA,United States,96122,39.8060637,-120.4692446,(530) 832-4570,,,,,,,,
,Faith Food Fridays,,publish,1,gd_place,,,"94590,Vallejo,CA",",6,",6,0,826 Solano Ave,,Vallejo,CA,United States,94590,38.0975778,-122.2461239,(707) 557-7933,,,,,,,,
,Father Hannibal House Inc,,publish,1,gd_place,,,"93657,Sanger,CA",",6,",6,0,1501 14th St,,Sanger,CA,United States,93657,36.6967126,-119.556692,(559) 875-0564,,,,,,,,
,Fea Service,,publish,1,gd_place,,,"92870,Placentia,CA",",6,",6,0,1800 E Miraloma Ave,,Placentia,CA,United States,92870,33.861588,-117.8254187,(714) 579-6621,,,,,,,,
,Feeding San Diego,,publish,1,gd_place,,,"92121,San Diego,CA",",6,",6,0,9477 Waples St # 100,,San Diego,CA,United States,92121,32.9014275,-117.1830751,(858) 452-3663,,,,,,,,
,Find Food Bank,,publish,1,gd_place,,,"92201,Indio,CA",",6,",6,0,83775 Citrus Ave,,Indio,CA,United States,92201,33.7179139,-116.2049006,(760) 775-3663,,,,,,,,
,First Baptist Chr Of Alhambra,,publish,1,gd_place,,,"91801,Alhambra,CA",",6,",6,0,101 S Atlantic Blvd,,Alhambra,CA,United States,91801,34.0897934,-118.1355834,(626) 570-1511,,,,,,,,
,First Presbyterian Church,,publish,1,gd_place,,,"92405,San Bernardino,CA",",6,",6,0,1900 N D St,,San Bernardino,CA,United States,92405,34.1324927,-117.2923417,(909) 882-3308,,,,,,,,
,First Southern Bapt Chr-Hllywd,,publish,1,gd_place,,,"90028,Los Angeles,CA",",6,",6,0,1528 N Wilton Pl,,Los Angeles,CA,United States,90028,34.0991242,-118.313278,(323) 466-9631,,,,,,,,
,Food Bank,,publish,1,gd_place,,,"95249,San Andreas,CA",",6,",6,0,206 George Reed Dr,,San Andreas,CA,United States,95249,38.1791188,-120.6778199,(209) 754-1257,,,,,,,,
,Food Bank Coalition-Sn Luis,,publish,1,gd_place,,,"93401,San Luis Obispo,CA",",6,",6,0,1180 Kendall Rd,,San Luis Obispo,CA,United States,93401,35.2379479,-120.63106,(805) 238-4664,,,,,,,,
,Food Bank Express,,publish,1,gd_place,,,"92553,Moreno Valley,CA",",6,",6,0,24281 Postal Ave # 102,,Moreno Valley,CA,United States,92553,33.9400921,-117.2389866,,,,,,,,,
,Food Bank For Monterey County,,publish,1,gd_place,,,"93907,Salinas,CA",",6,",6,0,353 W Rossi St,,Salinas,CA,United States,93907,36.6842314,-121.6655616,(831) 758-1523,,,,,,,,
,Food Bank Of Eldorado County,,publish,1,gd_place,,,"95682,Cameron Park,CA",",6,",6,0,4550 Business Dr,,Cameron Park,CA,United States,95682,38.6473567,-120.9543614,(530) 621-9950,,,,,,,,
,Food Bank Of Nevada County,,publish,1,gd_place,,,"95945,Grass Valley,CA",",6,",6,0,310 Railroad Ave,,Grass Valley,CA,United States,95945,39.2208615,-121.0515762,(530) 272-3796,,,,,,,,
,Food Bank Santa Barbara County,,publish,1,gd_place,,,"93455,Santa Maria,CA",",6,",6,0,490 W Foster Rd,,Santa Maria,CA,United States,93455,34.8822018,-120.4410256,(805) 937-3422,,,,,,,,
,Food Bank Ukiah,,publish,1,gd_place,,,"95482,Ukiah,CA",",6,",6,0,888 N State St,,Ukiah,CA,United States,95482,39.1586985,-123.2091185,(707) 463-2409,,,,,,,,
,Food Bank-Contra Costa-Solano,,publish,1,gd_place,,,"94520,Concord,CA",",6,",6,0,4010 Nelson Ave,,Concord,CA,United States,94520,38.0061049,-122.0465442,(925) 676-7543,,,,,,,,
,Food Finders,,publish,1,gd_place,,,"90720,Los Alamitos,CA",",6,",6,0,10539 Humbolt St,,Los Alamitos,CA,United States,90720,33.8089522,-118.0667091,(562) 283-1400,,,,,,,,
,Food Finders Inc,,publish,1,gd_place,,,"90802,Long Beach,CA",",6,",6,0,550 Elm Ave,,Long Beach,CA,United States,90802,33.773828,-118.1873387,(562) 283-1403,,,,,,,,
,Food For Life Ministry Inc,,publish,1,gd_place,,,"91710,Chino,CA",",6,",6,0,4712 Cheyenne Way,,Chino,CA,United States,91710,34.0034596,-117.7018528,(909) 627-3663,,,,,,,,
,Food For Thought Sonoma County,,publish,1,gd_place,,,"95436,Forestville,CA",",6,",6,0,6550 Railroad Ave,,Forestville,CA,United States,95436,38.4725515,-122.8908808,(707) 887-1647,,,,,,,,
,Food Forward Inc,,publish,1,gd_place,,,"91605,North Hollywood,CA",",6,",6,0,7412 Fulton Ave # 3,,North Hollywood,CA,United States,91605,34.2052242,-118.422093,(818) 764-1022,,,,,,,,
,Food Junction,,publish,1,gd_place,,,"95826,Sacramento,CA",",6,",6,0,3900 Power Inn Rd,,Sacramento,CA,United States,95826,38.5392562,-121.4095524,(916) 452-1151,,,,,,,,
,Food Link Tulare County,,publish,1,gd_place,,,"93221,Exeter,CA",",6,",6,0,611 2nd St,,Exeter,CA,United States,93221,36.2902835,-119.1300659,(559) 651-3663,,,,,,,,
,Food Now Inc,,publish,1,gd_place,,,"92240,Desert Hot Springs,CA",",6,",6,0,14080 Palm Dr # E,,Desert Hot Springs,CA,United States,92240,33.9457986,-116.4985868,(760) 329-4100,,,,,,,,
,Food Pantry,,publish,1,gd_place,,,"94107,San Francisco,CA",",6,",6,0,500 DE Haro St,,San Francisco,CA,United States,94107,37.7632792,-122.401729,,,,,,,,,
,Food Pantry Committee,,publish,1,gd_place,,,"90232,Culver City,CA",",6,",6,0,9736 Venice Blvd,,Culver City,CA,United States,90232,34.0237176,-118.397484,,,,,,,,,
,Food Pantry Lax,,publish,1,gd_place,,,"90045,Los Angeles,CA",",6,",6,0,5550 Thornburn St,,Los Angeles,CA,United States,90045,33.9735315,-118.3773838,(310) 677-5597,,,,,,,,
,Food Pantry West Valley,,publish,1,gd_place,,,"91367,Woodland Hills,CA",",6,",6,0,5700 Rudnick Ave,,Woodland Hills,CA,United States,91367,34.1741996,-118.6120518,(818) 346-7062,,,,,,,,
,Foothill Food Pantry,,publish,1,gd_place,,,"95935,Dobbins,CA",",6,",6,0,PO Box 373,,Dobbins,CA,United States,95935,39.3715576,-121.2060694,,,,,,,,,
,Foothill Unity Ctr Inc,,publish,1,gd_place,,,"91016,Monrovia,CA",",6,",6,0,790 W Chestnut Ave,,Monrovia,CA,United States,91016,34.1422118,-118.0157726,(626) 358-3486,,,,,,,,
,Gilroy Compassion Ctr,,publish,1,gd_place,,,"95020,Gilroy,CA",",6,",6,0,370 Tomkins Ct # F,,Gilroy,CA,United States,95020,37.0285566,-121.5747319,(408) 763-7120,,,,,,,,
,Glean Flo,,publish,1,gd_place,,,"93401,San Luis Obispo,CA",",6,",6,0,1180 Kendall Rd,,San Luis Obispo,CA,United States,93401,35.2379479,-120.63106,(805) 235-1180,,,,,,,,
,Gloria Dei Lord's Pantry,,publish,1,gd_place,,,"95127,San Jose,CA",",6,",6,0,121 S White Rd,,San Jose,CA,United States,95127,37.3639036,-121.8268583,(408) 258-7563,,,,,,,,
,God Provides Ministry-Pomona,,publish,1,gd_place,,,"91767,Pomona,CA",",6,",6,0,284 E Holt Ave,,Pomona,CA,United States,91767,34.0621882,-117.7464009,(626) 200-0356,,,,,,,,
,God's Pantry,,publish,1,gd_place,,,"91767,Pomona,CA",",6,",6,0,250 E Center St,,Pomona,CA,United States,91767,34.0612386,-117.7468155,(909) 766-8038,,,,,,,,
,Goya Foods Of California,,publish,1,gd_place,,,"91746,City Of Industry,CA",",6,",6,0,14500 Proctor Ave,,City Of Industry,CA,United States,91746,34.0319569,-117.9796305,(626) 961-6161,,,,,,,,
,Grace Resource Ctr,,publish,1,gd_place,,,"93534,Lancaster,CA",",6,",6,0,45134 Sierra Hwy,,Lancaster,CA,United States,93534,34.7030117,-118.1374805,(661) 940-5272,,,,,,,,
,Grant AME Church,,publish,1,gd_place,,,"90002,Los Angeles,CA",",6,",6,0,10435 S Central Ave,,Los Angeles,CA,United States,90002,33.9412199,-118.2545339,(323) 564-1151,,,,,,,,
,Greater Emmanuel Mssnry Bapt,,publish,1,gd_place,,,"90303,Inglewood,CA",",6,",6,0,3727 W 111th Pl,,Inglewood,CA,United States,90303,33.934096,-118.3383872,(310) 677-9916,,,,,,,,
,Greater West Hollywood Food,,publish,1,gd_place,,,"90028,Los Angeles,CA",",6,",6,0,5939 Hollywood Blvd,,Los Angeles,CA,United States,90028,34.1020351,-118.3191177,(323) 462-2032,,,,,,,,
,Grocery Outlet,,publish,1,gd_place,,,"94541,Hayward,CA",",6,",6,0,22660 Vermont St,,Hayward,CA,United States,94541,37.6819155,-122.0646576,(510) 881-8020,,,,,,,,
,Harbor City Food Pantry,,publish,1,gd_place,,,"90710,Harbor City,CA",",6,",6,0,1034 252nd St,,Harbor City,CA,United States,90710,33.7955386,-118.2939983,,,,,,,,,
,Harley Gray Kitchen & Bar,,publish,1,gd_place,,,"92103,San Diego,CA",",6,",6,0,902 W Washington St,,San Diego,CA,United States,92103,32.7500514,-117.1716306,(619) 955-8451,,,,,,,,
,Harvest Christian Ctr,,publish,1,gd_place,,,"96021,Corning,CA",",6,",6,0,1006 6th Ave,,Corning,CA,United States,96021,39.9254544,-122.1837179,(530) 824-2091,,,,,,,,
,Harvest Christian Fellows,,publish,1,gd_place,,,"92040,Lakeside,CA",",6,",6,0,9931 Channel Rd,,Lakeside,CA,United States,92040,32.8590518,-116.925654,(619) 561-3488,,,,,,,,
,Hawaiian Garden Food Bank Inc,,publish,1,gd_place,,,"90716,Hawaiian Gardens,CA",",6,",6,0,21900 Norwalk Blvd,,Hawaiian Gardens,CA,United States,90716,33.8291571,-118.0713841,(562) 860-9097,,,,,,,,
,Healdburg Food Pantry,,publish,1,gd_place,,,"95448,Healdsburg,CA",",6,",6,0,1505 Healdsburg Ave,,Healdsburg,CA,United States,95448,38.6293364,-122.8729155,,,,,,,,,
,Heart-Compassion Distribution,,publish,1,gd_place,,,"90640,Montebello,CA",",6,",6,0,600 S Maple Ave,,Montebello,CA,United States,90640,34.0043066,-118.1191257,(323) 727-7997,,,,,,,,
,Helping Hands Society,,publish,1,gd_place,,,"90058,Vernon,CA",",6,",6,0,2360 E 51st St,,Vernon,CA,United States,90058,33.9963295,-118.2319211,(323) 589-1935,,,,,,,,
,Helping Our People Elsinore,,publish,1,gd_place,,,"92530,Lake Elsinore,CA",",6,",6,0,506 W Minthorn St,,Lake Elsinore,CA,United States,92530,33.6802782,-117.3298328,(951) 245-7520,,,,,,,,
,High Desert Second Chance,,publish,1,gd_place,,,"92345,Hesperia,CA",",6,",6,0,16666 Smoke Tree St # B4,,Hesperia,CA,United States,92345,34.4257116,-117.299666,(442) 267-4444,,,,,,,,
,His Place Food Distribution,,publish,1,gd_place,,,"95253,Victor,CA",",6,",6,0,17238 N Bruella Rd,,Victor,CA,United States,95253,38.1381563,-121.2052621,(209) 339-4477,,,,,,,,
,Holy Cross Food Pantry,,publish,1,gd_place,,,"95060,Santa Cruz,CA",",6,",6,0,210 High St,,Santa Cruz,CA,United States,95060,36.9785356,-122.0310355,(831) 469-0631,,,,,,,,
,Holy Family Community Svc,,publish,1,gd_place,,,"91030,South Pasadena,CA",",6,",6,0,1524 Fremont Ave,,South Pasadena,CA,United States,91030,34.1080892,-118.1526516,(626) 403-6140,,,,,,,,
,Hope Center Food Bank,,publish,1,gd_place,,,"95966,Oroville,CA",",6,",6,0,1950 Kitrick Ave # A,,Oroville,CA,United States,95966,39.510547,-121.5541415,(530) 538-8393,,,,,,,,
,House Of Yahweh Social Svc,,publish,1,gd_place,,,"90260,Lawndale,CA",",6,",6,0,4046 Marine Ave,,Lawndale,CA,United States,90260,33.8944658,-118.3453273,(310) 675-1384,,,,,,,,
,Hub Of Hope,,publish,1,gd_place,,,"92832,Fullerton,CA",",6,",6,0,611 S Ford Ave,,Fullerton,CA,United States,92832,33.8648393,-117.9303292,(714) 680-3691,,,,,,,,
,Iglesia Bautista Emmanuel,,publish,1,gd_place,,,"95334,Livingston,CA",",6,",6,0,1310 Main St,,Livingston,CA,United States,95334,37.3783915,-120.723836,(209) 394-7809,,,,,,,,
,Imperial Valley Food Bank,,publish,1,gd_place,,,"92243,El Centro,CA",",6,",6,0,329 Applestille Rd,,El Centro,CA,United States,92243,32.7478863,-115.5626106,(760) 370-0966,,,,,,,,
,Indian Valley Food Pantry,,publish,1,gd_place,,,"95947,Greenville,CA",",6,",6,0,224 Mill St,,Greenville,CA,United States,95947,40.1404704,-120.9529209,(530) 284-6353,,,,,,,,
,Inter-Faith Ministries,,publish,1,gd_place,,,"95354,Modesto,CA",",6,",6,0,120 Kerr Ave,,Modesto,CA,United States,95354,37.637553,-120.9708456,(209) 572-3117,,,,,,,,
,Interfaith Community Support,,publish,1,gd_place,,,"92399,Yucaipa,CA",",6,",6,0,12687 California St,,Yucaipa,CA,United States,92399,34.0234321,-117.0380779,(909) 797-0007,,,,,,,,
,Interfaith Council Of Amador,,publish,1,gd_place,,,"95642,Jackson,CA",",6,",6,0,12181 Airport Rd,,Jackson,CA,United States,95642,38.3758445,-120.7995942,(209) 267-9006,,,,,,,,
,Interfaith Food Bank-His Raft,,publish,1,gd_place,,,"95205,Stockton,CA",",6,",6,0,2209 E Main St,,Stockton,CA,United States,95205,37.9555047,-121.2589747,(209) 460-1044,,,,,,,,
,Interfaith Food Ministry,,publish,1,gd_place,,,"95945,Grass Valley,CA",",6,",6,0,440 Henderson St # A,,Grass Valley,CA,United States,95945,39.2142201,-121.0576263,(530) 273-8132,,,,,,,,
,Jacobs-Cushman Sn Diego Food,,publish,1,gd_place,,,"92121,San Diego,CA",",6,",6,0,9850 Distribution Ave,,San Diego,CA,United States,92121,32.8870436,-117.1642499,(858) 527-1419,,,,,,,,
,Journey Church Ventura,,publish,1,gd_place,,,"93003,Ventura,CA",",6,",6,0,4050 Market St,,Ventura,CA,United States,93003,34.258863,-119.2396421,(805) 658-7646,,,,,,,,
,Kamaw Sho Asian Food Store,,publish,1,gd_place,,,"92105,San Diego,CA",",6,",6,0,4651 University Ave,,San Diego,CA,United States,92105,32.7492319,-117.0941408,(619) 230-5503,,,,,,,,
,Kids Cures Foundation,,publish,1,gd_place,,,"92223,Beaumont,CA",",6,",6,0,906 Beaumont Ave,,Beaumont,CA,United States,92223,33.9342069,-116.9768489,(951) 769-8700,,,,,,,,
,Kings Pantry,,publish,1,gd_place,,,"93230,Hanford,CA",",6,",6,0,12628 Hanford Armona Rd,,Hanford,CA,United States,93230,36.3137918,-119.684025,(559) 584-3603,,,,,,,,
,Laytonville Food Bank Org,,publish,1,gd_place,,,"95454,Laytonville,CA",",6,",6,0,PO Box 1382,,Laytonville,CA,United States,95454,39.6882116,-123.4827942,,,,,,,,,
,Liberty Ministries Chr Of God,,publish,1,gd_place,,,"95838,Sacramento,CA",",6,",6,0,4840 Marysville Blvd,,Sacramento,CA,United States,95838,38.6563551,-121.4412642,(916) 922-6442,,,,,,,,
,Lighthouse Community Church,,publish,1,gd_place,,,"92570,Perris,CA",",6,",6,0,23100 Betty Rd,,Perris,CA,United States,92570,33.7618328,-117.2567114,(951) 657-8810,,,,,,,,
,Living Stone Cathedral-Worship,,publish,1,gd_place,,,"93543,Littlerock,CA",",6,",6,0,37721 100th St E,,Littlerock,CA,United States,93543,34.5678133,-117.9526564,(661) 944-4128,,,,,,,,
,Loaves & Fishes,,publish,1,gd_place,,,"91405,Van Nuys,CA",",6,",6,0,7309 Van Nuys Blvd,,Van Nuys,CA,United States,91405,34.2033856,-118.449009,(818) 997-0943,,,,,,,,
,Loaves & Fishes Family Kitchen,,publish,1,gd_place,,,"95112,San Jose,CA",",6,",6,0,1609 Regatta Ln # D,,San Jose,CA,United States,95112,37.3715612,-121.9089381,(408) 998-1500,,,,,,,,
,Lodi Food Bank,,publish,1,gd_place,,,"95253,Victor,CA",",6,",6,0,17238 N Bruella Rd,,Victor,CA,United States,95253,38.1381563,-121.2052621,(209) 339-4477,,,,,,,,
,Los Angeles Food Bank,,publish,1,gd_place,,,"90019,Los Angeles,CA",",6,",6,0,3100 Venice Blvd,,Los Angeles,CA,United States,90019,34.0432407,-118.3181155,,,,,,,,,
,Los Angeles Regional Foodbank,,publish,1,gd_place,,,"90058,Vernon,CA",",6,",6,0,1734 E 41st St,,Vernon,CA,United States,90058,34.0075988,-118.2418909,(323) 234-3030,,,,,,,,
,Loveland Jubilee Pantry,,publish,1,gd_place,,,"92376,Rialto,CA",",6,",6,0,790 E Foothill Blvd # A,,Rialto,CA,United States,92376,34.1067773,-117.3554405,(909) 873-2710,,,,,,,,
,Manna Conejo Valley Food Bank,,publish,1,gd_place,,,"91362,Thousand Oaks,CA",",6,",6,0,3020 Crescent Way,,Thousand Oaks,CA,United States,91362,34.1690773,-118.8375242,(805) 497-4959,,,,,,,,
,Manna House Of Oakhurst,,publish,1,gd_place,,,"93644,Oakhurst,CA",",6,",6,0,40398 Junction Dr,,Oakhurst,CA,United States,93644,37.3358589,-119.6564806,(559) 683-6262,,,,,,,,
,Marin Food Bank,,publish,1,gd_place,,,"94949,Novato,CA",",6,",6,0,75 Digital Dr # 200,,Novato,CA,United States,94949,38.0721114,-122.5304679,(415) 883-1302,,,,,,,,
,Maruchan,,publish,1,gd_place,,,"92606,Irvine,CA",",6,",6,0,1902 Deere Ave,,Irvine,CA,United States,92606,33.698667,-117.8415814,(949) 250-3955,,,,,,,,
,Memorial United Mthdst-Clovis,,publish,1,gd_place,,,"93612,Clovis,CA",",6,",6,0,1726 Pollasky Ave,,Clovis,CA,United States,93612,36.8107964,-119.7026489,(559) 299-4615,,,,,,,,
,Menifee Valley Cmnty Cupboard,,publish,1,gd_place,,,"92586,Menifee,CA",",6,",6,0,26808 Cherry Hills Blvd,,Menifee,CA,United States,92586,33.7116863,-117.1908074,(951) 301-4414,,,,,,,,
,Merced County Food Bank,,publish,1,gd_place,,,"95348,Merced,CA",",6,",6,0,2000 W Olive Ave,,Merced,CA,United States,95348,37.3185217,-120.5033497,(209) 726-3663,,,,,,,,
,Methodist Church-United,,publish,1,gd_place,,,"95461,Middletown,CA",",6,",6,0,15833 Armstrong St,,Middletown,CA,United States,95461,38.7511825,-122.6146946,(707) 987-3379,,,,,,,,
,Mikey's Feed The People,,publish,1,gd_place,,,"91911,Chula Vista,CA",",6,",6,0,1421 Hilltop Dr,,Chula Vista,CA,United States,91911,32.6037085,-117.0512396,(619) 947-6417,,,,,,,,
,Monte Sion Ctr,,publish,1,gd_place,,,"90023,Los Angeles,CA",",6,",6,0,4405 E Olympic Blvd,,Los Angeles,CA,United States,90023,34.0191815,-118.1765837,(310) 433-0310,,,,,,,,
,Mountain Folk Food Bank,,publish,1,gd_place,,,"95713,Iowa Hill,CA",",6,",6,0,3071 Iowa Hill Rd,,Iowa Hill,CA,United States,95713,39.1071766,-120.8602795,,,,,,,,,
,Muslim Food Bank & Cmnty Svc,,publish,1,gd_place,,,"95376,Tracy,CA",",6,",6,0,1947 Lilac Way,,Tracy,CA,United States,95376,37.7132944,-121.4518224,,,,,,,,,
,Napa Food Bank,,publish,1,gd_place,,,"94558,Napa,CA",",6,",6,0,1766 Industrial Way,,Napa,CA,United States,94558,38.3197806,-122.3053038,(707) 253-6128,,,,,,,,
,Neighbors Helping Neighbors,,publish,1,gd_place,,,"90605,Whittier,CA",",6,",6,0,13513 Telegraph Rd # A,,Whittier,CA,United States,90605,33.9385502,-118.0429837,(562) 777-2475,,,,,,,,
,New Creation Church,,publish,1,gd_place,,,"92105,San Diego,CA",",6,",6,0,3115 Altadena Ave,,San Diego,CA,United States,92105,32.738051,-117.0877974,(619) 584-5460,,,,,,,,
,New Life Christian Ctr,,publish,1,gd_place,,,"95380,Turlock,CA",",6,",6,0,2918 W Tuolumne Rd,,Turlock,CA,United States,95380,37.5127311,-120.8818385,(209) 667-5433,,,,,,,,
,New Mt Pleasant Baptist Church,,publish,1,gd_place,,,"90301,Inglewood,CA",",6,",6,0,434 S Grevillea Ave,,Inglewood,CA,United States,90301,33.9579058,-118.3546413,(310) 673-6250,,,,,,,,
,Nipomo Food Basket,,publish,1,gd_place,,,"93444,Nipomo,CA",",6,",6,0,197 W Tefft St,,Nipomo,CA,United States,93444,35.0412876,-120.4782321,(805) 619-7681,,,,,,,,
,North County Food Bank,,publish,1,gd_place,,,"92081,Vista,CA",",6,",6,0,1445 Engineer St # 110,,Vista,CA,United States,92081,33.1517462,-117.2380326,(760) 761-1140,,,,,,,,
,North Hollywood Interfaith,,publish,1,gd_place,,,"91604,Studio City,CA",",6,",6,0,4390 Colfax Ave,,Studio City,CA,United States,91604,34.1496311,-118.3868539,(818) 760-3575,,,,,,,,
,Oakland Food Pantry,,publish,1,gd_place,,,"94611,Oakland,CA",",6,",6,0,7051 Skyline Blvd,,Oakland,CA,United States,94611,37.8437316,-122.1966652,,,,,,,,,
,Open Arms Food Pantry-Resource,,publish,1,gd_place,,,"90016,Los Angeles,CA",",6,",6,0,3651 S LA Brea Ave # 204,,Los Angeles,CA,United States,90016,34.0200906,-118.3560223,,,,,,,,,
,Open Door Pantry,,publish,1,gd_place,,,"92651,Laguna Beach,CA",",6,",6,0,11 Carmel Ct,,Laguna Beach,CA,United States,92651,33.596064,-117.7492167,(916) 532-5457,,,,,,,,
,Operation Provider,,publish,1,gd_place,,,"92378,Rimforest,CA",",6,",6,0,26516 Pine Ave,,Rimforest,CA,United States,92378,34.2296985,-117.2249181,(909) 337-8585,,,,,,,,
,Orangevale Food Bank,,publish,1,gd_place,,,"95662,Orangevale,CA",",6,",6,0,7222 Chestnut Ave,,Orangevale,CA,United States,95662,38.696573,-121.2091219,,,,,,,,,
,Oso Foundation,,publish,1,gd_place,,,"93536,Lancaster,CA",",6,",6,0,22847 W Avenue D,,Lancaster,CA,United States,93536,34.7733123,-118.5368763,(661) 724-0222,,,,,,,,
,Our Daily Bread Ministries,,publish,1,gd_place,,,"95531,Crescent City,CA",",6,",6,0,1135 Harrold St,,Crescent City,CA,United States,95531,41.7669085,-124.1969134,(707) 464-7771,,,,,,,,
,Our Redeemer Luth Chr-Canoga,,publish,1,gd_place,,,"91306,Winnetka,CA",",6,",6,0,20025 Chase St,,Winnetka,CA,United States,91306,34.2248218,-118.5698813,(818) 341-1629,,,,,,,,
,Palmdale Saves,,publish,1,gd_place,,,"93550,Palmdale,CA",",6,",6,0,1002 E Avenue Q12,,Palmdale,CA,United States,93550,34.5754935,-118.1115068,(661) 267-5191,,,,,,,,
,Panchos Heritage,,publish,1,gd_place,,,"90712,Lakewood,CA",",6,",6,0,5809 Lakewood Blvd,,Lakewood,CA,United States,90712,33.8606161,-118.1429135,(562) 788-7659,,,,,,,,
,Pantry,,publish,1,gd_place,,,"94587,Union City,CA",",6,",6,0,703 C St,,Union City,CA,United States,94587,37.6036226,-122.0253045,(510) 489-2971,,,,,,,,
,Pantry Foragers,,publish,1,gd_place,,,"93101,Santa Barbara,CA",",6,",6,0,38 W Victoria St,,Santa Barbara,CA,United States,93101,34.4236075,-119.7070539,(805) 770-2102,,,,,,,,
,Paradise Alliance Church,,publish,1,gd_place,,,"95969,Paradise,CA",",6,",6,0,6491 Clark Rd,,Paradise,CA,United States,95969,39.7729291,-121.5963063,(530) 877-7069,,,,,,,,
,Peckham's Pantry Corp,,publish,1,gd_place,,,"91203,Glendale,CA",",6,",6,0,331 Arden Ave # 100,,Glendale,CA,United States,91203,34.1586837,-118.2594633,,,,,,,,,
,Penuel Missionary Baptist Chr,,publish,1,gd_place,,,"90061,Los Angeles,CA",",6,",6,0,215 E 108th St,,Los Angeles,CA,United States,90061,33.9385369,-118.2711761,(323) 757-8427,,,,,,,,
,Placer Food Bank,,publish,1,gd_place,,,"95678,Roseville,CA",",6,",6,0,8284 Industrial Ave,,Roseville,CA,United States,95678,38.7845621,-121.3040737,(916) 783-0481,,,,,,,,
,Pomona Valley Food Bank,,publish,1,gd_place,,,"91767,Pomona,CA",",6,",6,0,284 E Holt Ave,,Pomona,CA,United States,91767,34.0621882,-117.7464009,(626) 200-0356,,,,,,,,
,Pomona Valley Food Bank-God,,publish,1,gd_place,,,"91767,Pomona,CA",",6,",6,0,284 E Holt Ave,,Pomona,CA,United States,91767,34.0621882,-117.7464009,(626) 628-1069,,,,,,,,
,Potter's House COGIC,,publish,1,gd_place,,,"95815,Sacramento,CA",",6,",6,0,2994 Del Paso Blvd,,Sacramento,CA,United States,95815,38.6212259,-121.4320107,(916) 923-6142,,,,,,,,
,Prince-Peace Episcopal Chr,,publish,1,gd_place,,,"91367,Woodland Hills,CA",",6,",6,0,5700 Rudnick Ave,,Woodland Hills,CA,United States,91367,34.1741996,-118.6120518,(818) 346-6968,,,,,,,,
,Public Health Svc,,publish,1,gd_place,,,"94520,Concord,CA",",6,",6,0,2355 Stanwell Cir,,Concord,CA,United States,94520,37.9826335,-122.0488717,(925) 646-5370,,,,,,,,
,Rahima International Fndtn,,publish,1,gd_place,,,"95035,Milpitas,CA",",6,",6,0,1823 Houret Ct,,Milpitas,CA,United States,95035,37.4052891,-121.8972292,(408) 262-6006,,,,,,,,
,Resource Connection Calaveras,,publish,1,gd_place,,,"95249,San Andreas,CA",",6,",6,0,1404 Gold Hunter Rd,,San Andreas,CA,United States,95249,38.1906625,-120.662455,(209) 754-1300,,,,,,,,
,Resource Connection Wic,,publish,1,gd_place,,,"95249,San Andreas,CA",",6,",6,0,1113 Highway 49,,San Andreas,CA,United States,95249,38.2078751,-120.699112,(209) 223-7685,,,,,,,,
,Respecting Our Elders,,publish,1,gd_place,,,"94948,Novato,CA",",6,",6,0,PO Box 244,,Novato,CA,United States,94948,38.1,-122.57,(415) 935-6132,,,,,,,,
,Rib Cage-New Hope Veterans,,publish,1,gd_place,,,"95203,Stockton,CA",",6,",6,0,1345 N Monroe St,,Stockton,CA,United States,95203,37.9654096,-121.2990457,(209) 448-9508,,,,,,,,
,Richmond District Nebrhood Ctr,,publish,1,gd_place,,,"94121,San Francisco,CA",",6,",6,0,741 30th Ave,,San Francisco,CA,United States,94121,37.7751258,-122.4900615,(415) 751-6600,,,,,,,,
,Richmond Emergency Food Pantry,,publish,1,gd_place,,,"94804,Richmond,CA",",6,",6,0,2369 Barrett Ave,,Richmond,CA,United States,94804,37.9387981,-122.3459991,(510) 235-9732,,,,,,,,
,River City Comm Servs,,publish,1,gd_place,,,"95816,Sacramento,CA",",6,",6,0,1322 27th St,,Sacramento,CA,United States,95816,38.5702157,-121.4725226,(916) 446-2627,,,,,,,,
,Riverbank Christian Food SHRNG,,publish,1,gd_place,,,"95367,Riverbank,CA",",6,",6,0,301 W High St,,Riverbank,CA,United States,95367,37.7389109,-120.9364513,(209) 869-3710,,,,,,,,
,Sacramento Food Bank Dstrbtn,,publish,1,gd_place,,,"95838,Sacramento,CA",",6,",6,0,1951 Bell Ave,,Sacramento,CA,United States,95838,38.6490658,-121.4204503,(916) 925-3240,,,,,,,,
,Saddleback Church,,publish,1,gd_place,,,"92630,Lake Forest,CA",",6,",6,0,1 Saddleback Pkwy,,Lake Forest,CA,United States,92630,33.6649014,-117.6455929,(949) 609-8000,,,,,,,,
,Salaam Food Pantry,,publish,1,gd_place,,,"94538,Fremont,CA",",6,",6,0,2835 Wilson Cmn,,Fremont,CA,United States,94538,37.5407339,-121.9589613,,,,,,,,,
,Salata,,publish,1,gd_place,,,"90017,Los Angeles,CA",",6,",6,0,735 S Figueroa St # 121,,Los Angeles,CA,United States,90017,34.0490992,-118.260451,(213) 891-9001,,,,,,,,
,Salvation Army Chr & Social,,publish,1,gd_place,,,"94521,Concord,CA",",6,",6,0,3950 Clayton Rd,,Concord,CA,United States,94521,37.9674219,-122.0024756,(925) 676-6180,,,,,,,,
,Salvation Army Community Ctr,,publish,1,gd_place,,,"92234,Cathedral City,CA",",6,",6,0,30400 Landau Blvd,,Cathedral City,CA,United States,92234,33.8277655,-116.4751253,(760) 324-2275,,,,,,,,
,Salvation Army Community Ctr,,publish,1,gd_place,,,"95501,Eureka,CA",",6,",6,0,2123 Tydd St,,Eureka,CA,United States,95501,40.8016484,-124.1477321,(707) 442-6475,,,,,,,,
,Salvation Army Community Ctr,,publish,1,gd_place,,,"90301,Inglewood,CA",",6,",6,0,324 E Queen St,,Inglewood,CA,United States,90301,33.9627428,-118.3509888,(310) 677-3375,,,,,,,,
,Salvation Army Community Ctr,,publish,1,gd_place,,,"90015,Los Angeles,CA",",6,",6,0,1532 W 11th St,,Los Angeles,CA,United States,90015,34.0471649,-118.2745429,(213) 896-9178,,,,,,,,
,Salvation Army Community Ctr,,publish,1,gd_place,,,"90028,Los Angeles,CA",",6,",6,0,5941 Hollywood Blvd,,Los Angeles,CA,United States,90028,34.1021313,-118.3194023,(323) 960-0640,,,,,,,,
,Salvation Army Community Ctr,,publish,1,gd_place,,,"91762,Ontario,CA",",6,",6,0,1412 S Euclid Ave,,Ontario,CA,United States,91762,34.0481123,-117.6516928,(909) 986-6748,,,,,,,,
,Salvation Army Community Ctr,,publish,1,gd_place,,,"95060,Santa Cruz,CA",",6,",6,0,721 Laurel St,,Santa Cruz,CA,United States,95060,36.9681301,-122.0308845,(831) 426-8365,,,,,,,,
,Salvation Army Hayward Corps,,publish,1,gd_place,,,"94541,Hayward,CA",",6,",6,0,430 A St,,Hayward,CA,United States,94541,37.6698557,-122.0934642,(510) 581-6444,,,,,,,,
,Salvation Army San Pedro Corps,,publish,1,gd_place,,,"90731,San Pedro,CA",",6,",6,0,138 S Bandini St,,San Pedro,CA,United States,90731,33.7426915,-118.2986378,(310) 832-7228,,,,,,,,
,Salvation Army Southeast Cmnty,,publish,1,gd_place,,,"90255,Huntington Park,CA",",6,",6,0,2965 E Gage Ave,,Huntington Park,CA,United States,90255,33.9814459,-118.2163825,(323) 587-4221,,,,,,,,
,Sam Simon Foundation Feeding,,publish,1,gd_place,,,"90018,Los Angeles,CA",",6,",6,0,2122 W Washington Blvd,,Los Angeles,CA,United States,90018,34.0394377,-118.3067915,(323) 733-2700,,,,,,,,
,San Diego Food Bank,,publish,1,gd_place,,,"92129,San Diego,CA",",6,",6,0,15255 Penasquitos Dr,,San Diego,CA,United States,92129,32.989617,-117.0921183,(858) 527-1419,,,,,,,,
,San Diego Food Bank,,publish,1,gd_place,,,"92121,San Diego,CA",",6,",6,0,9850 Distribution Ave,,San Diego,CA,United States,92121,32.8870436,-117.1642499,(858) 527-1419,,,,,,,,
,San Geronimo Valley Cmnty Ctr,,publish,1,gd_place,,,"94963,San Geronimo,CA",",6,",6,0,6350 Sir Francis Drake Blvd,,San Geronimo,CA,United States,94963,38.0165217,-122.6746507,(415) 488-8888,,,,,,,,
,Sandals Church,,publish,1,gd_place,,,"92359,Mentone,CA",",6,",6,0,1325 Amethyst Ave,,Mentone,CA,United States,92359,34.0705629,-117.1051953,(909) 637-8800,,,,,,,,
,Santee Food Bank,,publish,1,gd_place,,,"92071,Santee,CA",",6,",6,0,10925 Hartley Rd # J,,Santee,CA,United States,92071,32.84468,-116.963296,,,,,,,,,
,Second Harvest Food Bank,,publish,1,gd_place,,,"94070,San Carlos,CA",",6,",6,0,1051 Bing St,,San Carlos,CA,United States,94070,37.4960917,-122.2445614,(650) 610-0800,,,,,,,,
,Second Harvest Food Bank Santa,,publish,1,gd_place,,,"95076,Watsonville,CA",",6,",6,0,800 Ohlone Pkwy,,Watsonville,CA,United States,95076,36.9028259,-121.7732501,(831) 722-7110,,,,,,,,
,Second Harvest Food Bank-Santa,,publish,1,gd_place,,,"95134,San Jose,CA",",6,",6,0,4001 N 1st St,,San Jose,CA,United States,95134,37.4131457,-121.9525059,(408) 266-8866,,,,,,,,
,Second Harvest Food Bank-Sn,,publish,1,gd_place,,,"95337,Manteca,CA",",6,",6,0,1220 Vanderbilt Cir,,Manteca,CA,United States,95337,37.7843272,-121.2083653,(209) 239-2091,,,,,,,,
,Second Harvest Foodbank-Orange,,publish,1,gd_place,,,"92618,Irvine,CA",",6,",6,0,8014 Marine Way,,Irvine,CA,United States,92618,33.6618999,-117.7382536,(949) 653-2900,,,,,,,,
,Second Harvest-Silicon Vly,,publish,1,gd_place,,,"95134,San Jose,CA",",6,",6,0,4001 N 1st St,,San Jose,CA,United States,95134,37.4131457,-121.9525059,(408) 266-8866,,,,,,,,
,Serra's Pantry-Outreach Mnstrs,,publish,1,gd_place,,,"92675,San Juan Capistrano,CA",",6,",6,0,31611 El Camino Real,,San Juan Capistrano,CA,United States,92675,33.504062,-117.6626656,(949) 234-1302,,,,,,,,
,Set Free Desert Ctr,,publish,1,gd_place,,,"92239,Desert Center,CA",",6,",6,0,25980 Kaiser Rd,,Desert Center,CA,United States,92239,33.7439771,-115.3968553,(760) 362-9869,,,,,,,,
,Seventeen Thirty 8 Space Group,,publish,1,gd_place,,,"90755,Signal Hill,CA",",6,",6,0,1798 E Willow St,,Signal Hill,CA,United States,90755,33.8040277,-118.1700129,(562) 595-5059,,,,,,,,
,SF City Impact,,publish,1,gd_place,,,"94102,San Francisco,CA",",6,",6,0,230 Jones St # 1,,San Francisco,CA,United States,94102,37.7834855,-122.4123963,(415) 292-1770,,,,,,,,
,Sf-Marin Food Bank,,publish,1,gd_place,,,"94107,San Francisco,CA",",6,",6,0,900 Pennsylvania Ave,,San Francisco,CA,United States,94107,37.7545039,-122.3938076,(415) 282-1900,,,,,,,,
,Share The Love Food Pantry,,publish,1,gd_place,,,"95961,Plumas Lake,CA",",6,",6,0,1255 Pecos Way,,Plumas Lake,CA,United States,95961,38.989924,-121.5520527,,,,,,,,,
,Shepherd's Pantry,,publish,1,gd_place,,,"91740,Glendora,CA",",6,",6,0,657 E Arrow Hwy # J,,Glendora,CA,United States,91740,34.1070744,-117.8510611,(626) 852-7630,,,,,,,,
,Shepherd's Pantry,,publish,1,gd_place,,,"91706,Irwindale,CA",",6,",6,0,1418 Arrow Hwy,,Irwindale,CA,United States,91706,34.1146127,-117.9746909,(626) 852-7630,,,,,,,,
,Shepherd's Pantry,,publish,1,gd_place,,,"91744,La Puente,CA",",6,",6,0,504 Rimgrove Dr,,La Puente,CA,United States,91744,34.0262996,-117.919498,(626) 671-0090,,,,,,,,
,Sierra Pines United Mthdst Chr,,publish,1,gd_place,,,"95949,Grass Valley,CA",",6,",6,0,22559 W Hacienda Dr,,Grass Valley,CA,United States,95949,39.047787,-121.0778737,(530) 268-6907,,,,,,,,
,Sky Dragon,,publish,1,gd_place,,,"95407,Santa Rosa,CA",",6,",6,0,2770 Stony Point Rd # A,,Santa Rosa,CA,United States,95407,38.4077844,-122.7407136,(707) 545-3787,,,,,,,,
,South Hayward Parish,,publish,1,gd_place,,,"94544,Hayward,CA",",6,",6,0,27287 Patrick Ave,,Hayward,CA,United States,94544,37.6341108,-122.079772,(510) 785-3663,,,,,,,,
,Southeast Churches Svc Ctr,,publish,1,gd_place,,,"90255,Huntington Park,CA",",6,",6,0,6725 Seville Ave,,Huntington Park,CA,United States,90255,33.9780259,-118.2227999,(323) 585-8254,,,,,,,,
,Sova,,publish,1,gd_place,,,"91406,Van Nuys,CA",",6,",6,0,16439 Vanowen St,,Van Nuys,CA,United States,91406,34.1946253,-118.4917218,(818) 988-7682,,,,,,,,
,Sova,,publish,1,gd_place,,,"90038,West Hollywood,CA",",6,",6,0,1140 N LA Brea Ave,,West Hollywood,CA,United States,90038,34.0919993,-118.3437978,(323) 962-2005,,,,,,,,
,Sprinkles,,publish,1,gd_place,,,"90210,Beverly Hills,CA",",6,",6,0,9635 Santa Monica Blvd,,Beverly Hills,CA,United States,90210,34.0699936,-118.4061216,(310) 274-8765,,,,,,,,
,St Andrew Presbyterian Church,,publish,1,gd_place,,,"95993,Yuba City,CA",",6,",6,0,1390 Franklin Rd,,Yuba City,CA,United States,95993,39.1262304,-121.6386823,(530) 673-7353,,,,,,,,
,St Anne's Food Bank,,publish,1,gd_place,,,"93257,Porterville,CA",",6,",6,0,378 N F St,,Porterville,CA,United States,93257,36.0727159,-119.0208548,(559) 783-8018,,,,,,,,
,St Augustine Volunteer Emrgncy,,publish,1,gd_place,,,"90232,Culver City,CA",",6,",6,0,3850 Jasmine Ave,,Culver City,CA,United States,90232,34.0210336,-118.4007673,(310) 838-2702,,,,,,,,
,St John's Episcopal Cathedral,,publish,1,gd_place,,,"90007,Los Angeles,CA",",6,",6,0,514 W Adams Blvd,,Los Angeles,CA,United States,90007,34.0274248,-118.2756163,(213) 747-6285,,,,,,,,
