ID,post_title,post_content,post_status,post_author,post_type,post_date,post_modified,post_tags,post_category,default_category,featured,street,street2,city,region,country,zip,latitude,longitude,phone,email,website,twitter,facebook,video,special_offers,business_hours,post_images
,Alberton Community Food Pantry,,publish,1,gd_place,,,"59820,Alberton,MT",",6,",6,0,503 5th St,,Alberton,MT,United States,59820,47.0027603,-114.478508,(406) 722-4410,,,,,,,,
,Big Sky Food Bank,,publish,1,gd_place,,,"59716,Big Sky,MT",",6,",6,0,,,Big Sky,MT,United States,59716,45.26599,-111.25312,(406) 995-3088,,,,,,,,
,Big Timber Food Bank,,publish,1,gd_place,,,"59011,Big Timber,MT",",6,",6,0,10 Bridge St,,Big Timber,MT,United States,59011,45.8412259,-109.9462078,(406) 932-4070,,,,,,,,
,Bigfork Food Bank,,publish,1,gd_place,,,"59911,Bigfork,MT",",6,",6,0,7545 MT Highway 35,,Bigfork,MT,United States,59911,48.0936572,-114.0878664,(406) 837-2297,,,,,,,,
,Billings Food Bank,,publish,1,gd_place,,,"59101,Billings,MT",",6,",6,0,2112 4th Ave N,,Billings,MT,United States,59101,45.7879546,-108.5000139,(406) 259-2856,,,,,,,,
,Billings Food Bank Mt Harvest,,publish,1,gd_place,,,"59101,Billings,MT",",6,",6,0,2112 4th Ave N,,Billings,MT,United States,59101,45.7879546,-108.5000139,(406) 248-8712,,,,,,,,
,Bread Basket,,publish,1,gd_place,,,"59864,Ronan,MT",",6,",6,0,10 6th Ave SW,,Ronan,MT,United States,59864,47.5294681,-114.105786,(406) 676-4357,,,,,,,,
,Butte Emergency Food Bank,,publish,1,gd_place,,,"59701,Butte,MT",",6,",6,0,602 E Aluminum St,,Butte,MT,United States,59701,46.0075025,-112.5289023,(406) 782-3814,,,,,,,,
,Co-Op Downtown,,publish,1,gd_place,,,"59715,Bozeman,MT",",6,",6,0,44 E Main St,,Bozeman,MT,United States,59715,45.6789376,-111.0359031,(406) 922-2667,,,,,,,,
,Community Food Bank,,publish,1,gd_place,,,"59872,Superior,MT",",6,",6,0,308 Pine St,,Superior,MT,United States,59872,47.1928122,-114.8877085,(406) 822-3471,,,,,,,,
,Community Give-A-Way House,,publish,1,gd_place,,,"59501,Havre,MT",",6,",6,0,1058 2nd St N,,Havre,MT,United States,59501,48.5552929,-109.6654034,(406) 265-7741,,,,,,,,
,Community Harvest Food Bank,,publish,1,gd_place,,,"59873,Thompson Falls,MT",",6,",6,0,704 1/2 Preston Ave W,,Thompson Falls,MT,United States,59873,47.5962752,-115.3495697,(406) 827-6333,,,,,,,,
,Community Services Fellowship,,publish,1,gd_place,,,"59853,Noxon,MT",",6,",6,0,1460 Highway 200,,Noxon,MT,United States,59853,48.0057256,-115.7836615,(406) 847-4000,,,,,,,,
,Custer County Food Bank Inc,,publish,1,gd_place,,,"59301,Miles City,MT",",6,",6,0,15 N 8th St,,Miles City,MT,United States,59301,46.4073627,-105.8490806,(406) 234-3663,,,,,,,,
,Darby Breadbox,,publish,1,gd_place,,,"59829,Darby,MT",",6,",6,0,304 E Tanner Ave,,Darby,MT,United States,59829,46.0210779,-114.1748654,(406) 821-2081,,,,,,,,
,Fish,,publish,1,gd_place,,,"59401,Great Falls,MT",",6,",6,0,1620 12th Ave N,,Great Falls,MT,United States,59401,47.5177367,-111.2790654,(406) 452-3474,,,,,,,,
,Food Bank,,publish,1,gd_place,,,"59868,Seeley Lake,MT",",6,",6,0,,,Seeley Lake,MT,United States,59868,47.1793799,-113.4845229,(406) 677-5025,,,,,,,,
,Food Bank & Thrift Store,,publish,1,gd_place,,,"59853,Noxon,MT",",6,",6,0,1419 MT Highway 200,,Noxon,MT,United States,59853,48.0069424,-115.783846,(406) 847-4000,,,,,,,,
,Food Bank Carbon County,,publish,1,gd_place,,,"59068,Red Lodge,MT",",6,",6,0,17 E 11th St,,Red Lodge,MT,United States,59068,45.1810204,-109.2460712,(406) 446-1255,,,,,,,,
,Food Pantry,,publish,1,gd_place,,,"59917,Eureka,MT",",6,",6,0,,,Eureka,MT,United States,59917,48.8799647,-115.0535001,(406) 297-7690,,,,,,,,
,Food Pantry,,publish,1,gd_place,,,"59845,Hot Springs,MT",",6,",6,0,,,Hot Springs,MT,United States,59845,47.6091041,-114.6687414,(406) 741-2012,,,,,,,,
,Great Falls Cmnty Food Bank,,publish,1,gd_place,,,"59401,Great Falls,MT",",6,",6,0,1620 12th Ave N,,Great Falls,MT,United States,59401,47.5177367,-111.2790654,(406) 452-9029,,,,,,,,
,Havre Food Bank,,publish,1,gd_place,,,"59501,Havre,MT",",6,",6,0,453 7th Ave N,,Havre,MT,United States,59501,48.5581663,-109.6709683,(406) 265-2007,,,,,,,,
,Headwaters Area Food Bank,,publish,1,gd_place,,,"59752,Three Forks,MT",",6,",6,0,12 E Cedar St,,Three Forks,MT,United States,59752,45.8932477,-111.5516279,(406) 285-3559,,,,,,,,
,Helping Hands Food Bank,,publish,1,gd_place,,,"59034,Hardin,MT",",6,",6,0,825 3rd St W,,Hardin,MT,United States,59034,45.7316012,-107.6205428,(406) 665-2997,,,,,,,,
,Hot Springs Food Pantry,,publish,1,gd_place,,,"59845,Hot Springs,MT",",6,",6,0,100 Main St,,Hot Springs,MT,United States,59845,47.6087003,-114.6691468,(406) 741-2012,,,,,,,,
,Livingston Food Pantry-Park,,publish,1,gd_place,,,"59047,Livingston,MT",",6,",6,0,202 S 2nd St,,Livingston,MT,United States,59047,45.6595115,-110.5601577,(406) 222-5335,,,,,,,,
,Mission Valley Food Pantry,,publish,1,gd_place,,,"59865,Saint Ignatius,MT",",6,",6,0,203 Blaine St,,Saint Ignatius,MT,United States,59865,47.3185712,-114.0947243,(406) 745-5484,,,,,,,,
,Missoula Food Bank & Cmnty Ctr,,publish,1,gd_place,,,"59801,Missoula,MT",",6,",6,0,1720 Wyoming St,,Missoula,MT,United States,59801,46.8722623,-114.0229249,(406) 549-0543,,,,,,,,
,Montana Food Bank Network,,publish,1,gd_place,,,"59808,Missoula,MT",",6,",6,0,5625 Expressway,,Missoula,MT,United States,59808,46.9213961,-114.0750495,(406) 721-3825,,,,,,,,
,North Valley Food Bank,,publish,1,gd_place,,,"59937,Whitefish,MT",",6,",6,0,251 Flathead Ave,,Whitefish,MT,United States,59937,48.3986559,-114.3391602,(406) 862-5863,,,,,,,,
,Northern Cheyenne,,publish,1,gd_place,,,"59043,Lame Deer,MT",",6,",6,0,119 Crazy Dog St,,Lame Deer,MT,United States,59043,45.6163996,-106.6652148,(406) 477-8278,,,,,,,,
,Pantry Partners,,publish,1,gd_place,,,"59870,Stevensville,MT",",6,",6,0,3614 Alc Way,,Stevensville,MT,United States,59870,46.5015258,-114.0764628,(406) 777-0351,,,,,,,,
,Richland County Food Bank,,publish,1,gd_place,,,"59270,Sidney,MT",",6,",6,0,123 W Main St # 2,,Sidney,MT,United States,59270,47.7157608,-104.1581368,(406) 433-8142,,,,,,,,
,West Shore Food Bank,,publish,1,gd_place,,,"59922,Lakeside,MT",",6,",6,0,140 Bills Rd,,Lakeside,MT,United States,59922,48.0216252,-114.2272021,(406) 844-2779,,,,,,,,
