ID,post_title,post_content,post_status,post_author,post_type,post_date,post_modified,post_tags,post_category,default_category,featured,street,street2,city,region,country,zip,latitude,longitude,phone,email,website,twitter,facebook,video,special_offers,business_hours,post_images
,St John's Episcopal Food Bank,,publish,1,gd_place,,,"95901,Marysville,CA",",6,",6,0,800 D St,,Marysville,CA,United States,95901,39.1440451,-121.5898867,(530) 741-1165,,,,,,,,
,St Peter's Episcopal Church,,publish,1,gd_place,,,"93458,Santa Maria,CA",",6,",6,0,402 S Lincoln St,,Santa Maria,CA,United States,93458,34.9495865,-120.4371598,(805) 922-3575,,,,,,,,
,St Stephen's Resource Ctr,,publish,1,gd_place,,,"95020,Gilroy,CA",",6,",6,0,651 Broadway,,Gilroy,CA,United States,95020,37.0147896,-121.5819787,(408) 842-1401,,,,,,,,
,St Vincent De Paul Food Bank,,publish,1,gd_place,,,"95821,Sacramento,CA",",6,",6,0,4123 Robertson Ave,,Sacramento,CA,United States,95821,38.6215233,-121.3678547,(916) 485-3482,,,,,,,,
,Sunrise Food Ministry,,publish,1,gd_place,,,"95610,Citrus Heights,CA",",6,",6,0,5901 San Juan Ave,,Citrus Heights,CA,United States,95610,38.6730367,-121.2933471,(916) 965-5431,,,,,,,,
,Super Duper Burgers,,publish,1,gd_place,,,"94949,Novato,CA",",6,",6,0,5800 Nave Dr # C,,Novato,CA,United States,94949,38.0632929,-122.533205,(415) 382-1980,,,,,,,,
,Titan Food's,,publish,1,gd_place,,,"90022,Commerce,CA",",6,",6,0,5700 E Olympic Blvd,,Commerce,CA,United States,90022,34.013718,-118.148158,(323) 721-1482,,,,,,,,
,Torrance First Baptist Church,,publish,1,gd_place,,,"90501,Torrance,CA",",6,",6,0,2118 W Carson St,,Torrance,CA,United States,90501,33.8310248,-118.3196379,(310) 328-5030,,,,,,,,
,Tracy Interfaith Ministries,,publish,1,gd_place,,,"95376,Tracy,CA",",6,",6,0,311 W Grant Line Rd,,Tracy,CA,United States,95376,37.7551117,-121.4301275,(209) 836-5424,,,,,,,,
,Tree Of Life Ministries,,publish,1,gd_place,,,"91335,Reseda,CA",",6,",6,0,18341 Sherman Way,,Reseda,CA,United States,91335,34.2014162,-118.5330365,(818) 578-8831,,,,,,,,
,Tri City Volunteers,,publish,1,gd_place,,,"94536,Fremont,CA",",6,",6,0,37350 Joseph St,,Fremont,CA,United States,94536,37.5558324,-122.0076435,(510) 793-4583,,,,,,,,
,Tulare Emergency Aid Council,,publish,1,gd_place,,,"93274,Tulare,CA",",6,",6,0,424 N N St,,Tulare,CA,United States,93274,36.2131701,-119.3429725,(559) 686-3693,,,,,,,,
,Twin Lakes Food Bank Inc,,publish,1,gd_place,,,"95630,Folsom,CA",",6,",6,0,327 Montrose Dr,,Folsom,CA,United States,95630,38.6822153,-121.1579844,(916) 985-6232,,,,,,,,
,Vacaville Store House,,publish,1,gd_place,,,"95688,Vacaville,CA",",6,",6,0,1146 E Monte Vista Ave # B,,Vacaville,CA,United States,95688,38.3602422,-121.9751713,(707) 454-0268,,,,,,,,
,Valley Churches United Mssns,,publish,1,gd_place,,,"95005,Ben Lomond,CA",",6,",6,0,9400 Highway 9,,Ben Lomond,CA,United States,95005,37.0889676,-122.0882272,(831) 336-8258,,,,,,,,
,Valley Community Pantry,,publish,1,gd_place,,,"92544,Hemet,CA",",6,",6,0,191 S Columbia St,,Hemet,CA,United States,92544,33.7462343,-116.9465612,(951) 929-1101,,,,,,,,
,Valley Food Bank,,publish,1,gd_place,,,"92251,Imperial,CA",",6,",6,0,486 W Aten Rd,,Imperial,CA,United States,92251,32.8258874,-115.577645,(760) 545-0147,,,,,,,,
,Valley Food Bank,,publish,1,gd_place,,,"91605,North Hollywood,CA",",6,",6,0,13422 Saticoy St,,North Hollywood,CA,United States,91605,34.2080489,-118.4257115,(818) 785-4476,,,,,,,,
,Valley Food Bank,,publish,1,gd_place,,,"91331,Pacoima,CA",",6,",6,0,12701 Van Nuys Blvd # A,,Pacoima,CA,United States,91331,34.2762444,-118.410651,(818) 510-4140,,,,,,,,
,Visions Christian Ctr,,publish,1,gd_place,,,"94509,Antioch,CA",",6,",6,0,330 Worrell Rd,,Antioch,CA,United States,94509,37.9937744,-121.7991833,(925) 777-0290,,,,,,,,
,Way Station,,publish,1,gd_place,,,"92252,Joshua Tree,CA",",6,",6,0,61722 Commercial St,,Joshua Tree,CA,United States,92252,34.1358752,-116.3166885,(760) 366-8088,,,,,,,,
,West Adams Food Pantry,,publish,1,gd_place,,,"90016,Los Angeles,CA",",6,",6,0,4959 W Adams Blvd,,Los Angeles,CA,United States,90016,34.032788,-118.3485011,,,,,,,,,
,Westside Food Bank,,publish,1,gd_place,,,"90025,Los Angeles,CA",",6,",6,0,2147 Purdue Ave,,Los Angeles,CA,United States,90025,34.0370721,-118.4436692,(310) 828-6016,,,,,,,,
,Westside Food Bank,,publish,1,gd_place,,,"90404,Santa Monica,CA",",6,",6,0,1710 22nd St,,Santa Monica,CA,United States,90404,34.0252322,-118.4731611,(310) 828-6016,,,,,,,,
,Westside Food Bank,,publish,1,gd_place,,,"90406,Santa Monica,CA",",6,",6,0,PO Box 1565,,Santa Monica,CA,United States,90406,34.0199977,-118.5000014,(310) 828-6016,,,,,,,,
,Williams Family New Beginnings,,publish,1,gd_place,,,"92374,Redlands,CA",",6,",6,0,1130 Cero Ct # 2,,Redlands,CA,United States,92374,34.056241,-117.1638133,(909) 638-1998,,,,,,,,
,Willows Food Bank,,publish,1,gd_place,,,"95988,Willows,CA",",6,",6,0,444 N Tehama St,,Willows,CA,United States,95988,39.5253114,-122.1935394,(530) 934-3722,,,,,,,,
,Woodland Volunteer Bur Food,,publish,1,gd_place,,,"95695,Woodland,CA",",6,",6,0,420 Grand Ave,,Woodland,CA,United States,95695,38.6769171,-121.7827174,(530) 662-7020,,,,,,,,
,World Harvest Charities-Family,,publish,1,gd_place,,,"90019,Los Angeles,CA",",6,",6,0,3100 Venice Blvd,,Los Angeles,CA,United States,90019,34.0432407,-118.3181155,(213) 746-2227,,,,,,,,
,Ycrc International Ministries,,publish,1,gd_place,,,"92399,Yucaipa,CA",",6,",6,0,12142 4th St,,Yucaipa,CA,United States,92399,34.0329688,-117.0524686,(909) 797-8047,,,,,,,,
,Yolo Food Bank,,publish,1,gd_place,,,"95776,Woodland,CA",",6,",6,0,233 Harter Ave,,Woodland,CA,United States,95776,38.6885941,-121.7600538,(530) 668-0690,,,,,,,,
,Yreka Food Bank,,publish,1,gd_place,,,"96097,Yreka,CA",",6,",6,0,PO Box 655,,Yreka,CA,United States,96097,41.7354186,-122.6344708,,,,,,,,,
,Yuba Sutter Gleaners Food Bank,,publish,1,gd_place,,,"95991,Yuba City,CA",",6,",6,0,760 Stafford Way,,Yuba City,CA,United States,95991,39.136806,-121.6280424,(530) 673-3834,,,,,,,,
